billboard_id,track_id
2020-01-001,0bYg9bo50gSsH3LtXe2SQn
2020-01-002,2EjXfH91m7f8HiJN1yQg97
2020-01-003,3hBXvHLlTHvnbwrPbeoyAj
2020-01-004,65Q2mv3UlVi9eO70OpsmSe
2020-01-005,21jGcNKet2qwijlDFuPiPb
2020-01-006,696DnlkuDOXcMAnKlTgXXK
2020-01-007,5hslUAKq9I9CG2bAulFkHN
2020-01-008,7qEHsqek33rTcFNT9PFqLf
2020-01-009,2b8fOow8UzyDFAE27YhOZM
2020-01-010,3Yh9lZcWyKrK9GjbhuS0hR
2020-01-011,6wn2nmFn3wDuiMldRiuRuL
2020-01-012,0oPdaY4dXtc3ZsaG17V972
2020-01-013,0nbXyq5TXYPCO7pr3N8S4I
2020-01-014,2XU0oxnq2qxCpomAAuJY8K
2020-01-015,2uFaJJtFpPDc5Pa95XzTvg
2020-01-016,4PS1e8f2LvuTFgUs1Cn3ON
2020-01-018,1HfMVBKM75vxSfsQ5VefZ5
2020-01-020,6Ozh9Ok6h4Oi1wUSLtBseN
2020-01-021,5ASM6Qjiav2xPe7gRkQMsQ
2020-01-023,2Fxmhks0bxGSBdJ92vM42m
2020-01-024,3sDdyBHQ60Cs1opmIyRvhp
2020-01-025,6XHVuErjQ4XNm6nDPVCxVX
2020-01-026,0TK2YIli7K1leLovkQiNik
2020-01-027,6Gg1gjgKi2AK4e0qzsR7sd
2020-01-028,2pXpURmn6zC5ZYDMms6fwa
2020-01-029,2DomOAEa6ghF8BzOES61tK
2020-01-030,6fTt0CH2t0mdeB2N9XFG5r
2020-01-031,3YZE5qDV7u1ZD1gZc47ZeR
2020-01-032,25leEEaz1gIpp7o21Fqyjo
2020-01-033,56AMYGJzxBO6p8v0wEe9de
2020-01-034,2YpeDb67231RjR0MgVLzsG
2020-01-035,5qmq61DAAOUaW8AUo8xKhh
2020-01-036,2pnPe4pJtq7689i5ydzvJJ
2020-01-038,3eekarcy7kvN4yt5ZFzltW
2020-01-039,57vxBYXtHMk6H1aD29V7PU
2020-01-040,3QiAAp20rPC3dcAtKtMaqQ
2020-01-041,3ZCTVFBt2Brf31RLEnCkWJ
2020-01-042,4so0Wek9Ig1p6CRCHuINwW
2020-01-043,4KV9bM7a1KDc7b7OakFZic
2020-01-044,1OjmlSFuzYflWjSMTCyTJv
2020-01-045,4MrfQL4TYQXJBlZYpAHTuE
2020-01-046,1iQDltZqI7BXnHrFy4Qo1k
2020-01-047,598yNsG1JFrGd4n2kMoz7F
2020-01-048,2Ec33AVlkTTq8BHFgBTdQs
2020-01-049,4qP2V09IpTct5A1ZSnr1zh
2020-01-051,4TnjEaWOeW0eKTKIEvJyCa
2020-01-052,6WrI0LAC5M1Rw2MnX2ZvEg
2020-01-053,1M4qEo4HE3PRaCOM7EXNJq
2020-01-054,08dFHFTx6r67MTsYn5ilDR
2020-01-055,7aiClxsDWFRQ0Kzk5KI5ku
2020-01-057,1dGr1c8CrMLDpV6mPbImSI
2020-01-058,5z51HY4ei5QhTjcvwq5Msw
2020-01-059,5aZQrb2TXWEh9uZR4HEY3r
2020-01-060,3VyjsVV24RmBIbWJAeUJNu
2020-01-061,6V9fHiv84WlVTg7CSnIVY2
2020-01-062,3yOlyBJuViE2YSGn3nVE1K
2020-01-063,7qvsl2pYzrsYgPeFBN5jxp
2020-01-064,3npzogdOEiVsieXmmhBepL
2020-01-065,2xyx0o4xNOLLjBSbOOdcbA
2020-01-066,1GIYmwtBbPSHrqcSaukZck
2020-01-067,3Z0oQ8r78OUaHvGPiDBR3W
2020-01-068,0fySG6A6qLE8IvDpayb5bM
2020-01-069,1x0NszvaftnHtijIId3ivk
2020-01-070,6fWa5CRgy0z30OeGZyMBvD
2020-01-071,0qkdE1C0ufnUISKwhg8Wh6
2020-01-072,0sf12qNH5qcw8qpgymFOqD
2020-01-073,5OBtr92M0xsvOGqpnz3LzW
2020-01-074,4sWuPniHClkInYAnzXAYUF
2020-01-075,6ZvAXIWw3rw8WR0Xlmifri
2020-01-076,5ravc2aiNoYmu9m37diYXW
2020-01-077,7CZyCXKG6d5ALeq41sLzbw
2020-01-079,6kls8cSlUyHW2BUOkDJIZE
2020-01-080,53F1MVa1BWUkTBbVqgVAfN
2020-01-081,3wwo0bJvDSorOpNfzEkfXx
2020-01-082,3LK6wDkhbTyg8GhJidU9oC
2020-01-083,6YfTl5YupXOQBKiJJLrxcw
2020-01-084,4sjiIpEv617LDXaidKioOI
2020-01-087,1e9oZCCiX42nJl0AcqriVo
2020-01-088,30RZAuEkYeDXvy46Iv6l7E
2020-01-089,0rKtyWc8bvkriBthvHKY8d
2020-01-090,4CMrdHWqic0usIZfTrKoI3
2020-01-091,5DxXgozhkPLgrbKFY91w0c
2020-01-092,7f1zjZG77S891Uv4O68yfk
2020-01-093,3cphb8kdsjElYR7r5icK3H
2020-01-094,2W4yABdLc4Jnds67Poi5Nl
2020-01-095,5j1yOqWONR9T6l43AzJ6Es
2020-01-096,1VJwtWR6z7SpZRwipI12be
2020-01-097,2Xo3rLHjXfdb4avN68aQyi
2020-01-098,7k4t7uLgtOxPwTpFmtJNTY
2020-01-099,0Xek5rqai2jcOWCYWJfVCF
2020-01-100,4vUmTMuQqjdnvlZmAH61Qk
2020-02-001,0nbXyq5TXYPCO7pr3N8S4I
2020-02-004,21jGcNKet2qwijlDFuPiPb
2020-02-005,2b8fOow8UzyDFAE27YhOZM
2020-02-007,2XU0oxnq2qxCpomAAuJY8K
2020-02-008,7qEHsqek33rTcFNT9PFqLf
2020-02-009,696DnlkuDOXcMAnKlTgXXK
2020-02-010,1HfMVBKM75vxSfsQ5VefZ5
2020-02-011,41L3O37CECZt3N7ziG2z7l
2020-02-012,3Yh9lZcWyKrK9GjbhuS0hR
2020-02-013,6Ozh9Ok6h4Oi1wUSLtBseN
2020-02-015,6WrI0LAC5M1Rw2MnX2ZvEg
2020-02-016,4wNIkl5XGiAACjFBlDWuSd
2020-02-017,3eekarcy7kvN4yt5ZFzltW
2020-02-018,1DWZUa5Mzf2BwzpHtgbHPY
2020-02-019,57vxBYXtHMk6H1aD29V7PU
2020-02-021,0sf12qNH5qcw8qpgymFOqD
2020-02-022,3npzogdOEiVsieXmmhBepL
2020-02-023,3ZCTVFBt2Brf31RLEnCkWJ
2020-02-024,1iQDltZqI7BXnHrFy4Qo1k
2020-02-025,6XHVuErjQ4XNm6nDPVCxVX
2020-02-026,7lidXGPXPYLNThITAOTlkK
2020-02-027,7aiClxsDWFRQ0Kzk5KI5ku
2020-02-028,5SiZJoLXp3WOl3J4C8IK0d
2020-02-029,598yNsG1JFrGd4n2kMoz7F
2020-02-030,0TK2YIli7K1leLovkQiNik
2020-02-032,1M4qEo4HE3PRaCOM7EXNJq
2020-02-033,2u3EyuCqqV31woqGvO9LBz
2020-02-035,0DiDStADDVh3SvAsoJAFMk
2020-02-037,4TnjEaWOeW0eKTKIEvJyCa
2020-02-038,2hwOoMtWPtTSSn6WHV7Vp5
2020-02-039,6fTt0CH2t0mdeB2N9XFG5r
2020-02-040,3yOlyBJuViE2YSGn3nVE1K
2020-02-041,2Fxmhks0bxGSBdJ92vM42m
2020-02-042,56AMYGJzxBO6p8v0wEe9de
2020-02-043,5qmq61DAAOUaW8AUo8xKhh
2020-02-044,3HVWdVOQ0ZA45FuZGSfvns
2020-02-045,5aZQrb2TXWEh9uZR4HEY3r
2020-02-046,08dFHFTx6r67MTsYn5ilDR
2020-02-047,6Gg1gjgKi2AK4e0qzsR7sd
2020-02-048,4jXl6VtkFFKIt3ycUQc5LT
2020-02-049,22vgEDb5hykfaTwLuskFGD
2020-02-050,7qvsl2pYzrsYgPeFBN5jxp
2020-02-051,6ZvAXIWw3rw8WR0Xlmifri
2020-02-053,53F1MVa1BWUkTBbVqgVAfN
2020-02-054,6V9fHiv84WlVTg7CSnIVY2
2020-02-055,7k4t7uLgtOxPwTpFmtJNTY
2020-02-056,4vUmTMuQqjdnvlZmAH61Qk
2020-02-057,3bkkMZEAhx7rTVz1C0itRQ
2020-02-058,48KXAIruJ07kJVCWOGohMV
2020-02-059,2Ec33AVlkTTq8BHFgBTdQs
2020-02-060,5OBtr92M0xsvOGqpnz3LzW
2020-02-063,3WfSNAoj2D8C9noPSGZZFM
2020-02-064,2Yv2mHzr5AQavVdwQjEokV
2020-02-065,2FvD20Z8aoWIePi7PoN8sG
2020-02-066,30RZAuEkYeDXvy46Iv6l7E
2020-02-067,7ccTcabbJlCJiIqtrSSwBk
2020-02-068,3R8CyhJfVjvgIROd5RSGhQ
2020-02-069,0fySG6A6qLE8IvDpayb5bM
2020-02-071,7Dj2wqPYXfSRFwa6qyOztr
2020-02-072,6fWa5CRgy0z30OeGZyMBvD
2020-02-074,5ravc2aiNoYmu9m37diYXW
2020-02-075,3Qa944OTMZkg8DHjET8JQv
2020-02-076,5M8goiFYynmNxhueYW6grR
2020-02-077,3VyjsVV24RmBIbWJAeUJNu
2020-02-078,6U0FIYXCQ3TGrk4tFpLrEA
2020-02-079,2Xo3rLHjXfdb4avN68aQyi
2020-02-080,1OuN92HcVG6NVpWbeESNB3
2020-02-081,7HMmFQsKsljwTw8bS7lu19
2020-02-083,34d7sGX6WUqq8f04e7CSNF
2020-02-086,60RFlt48hm0l4Fu0JoccOl
2020-02-087,7Dxes6VnfbZYV0S2QTnVuT
2020-02-088,0AYbVoeF03NYhM0fvKjAuU
2020-02-090,5M3v6frAiTyqenNAeQVcxC
2020-02-091,1kwnxJNVl7cwcU98RvMBaR
2020-02-093,3QVHSV8YKYq4L8tI5rnFgj
2020-02-094,7CZyCXKG6d5ALeq41sLzbw
2020-02-095,6UL2RC5J2vMau9KOMKQfJg
2020-02-096,1s71G3V7XQaVo5IOR6gLbp
2020-02-097,5Jbwsh74ggk2aAHF2MtoRG
2020-02-098,6klLvorLoo1sxvZcjJIY8I
2020-02-099,4CMrdHWqic0usIZfTrKoI3
2020-02-100,0udOCZp7yk0Ml92C0k8H8D
2020-03-001,0nbXyq5TXYPCO7pr3N8S4I
2020-03-003,21jGcNKet2qwijlDFuPiPb
2020-03-004,249gnXrbfmV8NG6jTEMSwD
2020-03-005,6WrI0LAC5M1Rw2MnX2ZvEg
2020-03-006,696DnlkuDOXcMAnKlTgXXK
2020-03-007,2XU0oxnq2qxCpomAAuJY8K
2020-03-008,0sf12qNH5qcw8qpgymFOqD
2020-03-009,2b8fOow8UzyDFAE27YhOZM
2020-03-010,7qEHsqek33rTcFNT9PFqLf
2020-03-012,3ZCTVFBt2Brf31RLEnCkWJ
2020-03-013,57vxBYXtHMk6H1aD29V7PU
2020-03-014,7aiClxsDWFRQ0Kzk5KI5ku
2020-03-015,1M4qEo4HE3PRaCOM7EXNJq
2020-03-018,6Ozh9Ok6h4Oi1wUSLtBseN
2020-03-019,3npzogdOEiVsieXmmhBepL
2020-03-020,2p8IUWQDrpjuFltbdgLOag
2020-03-021,1HfMVBKM75vxSfsQ5VefZ5
2020-03-022,3yOlyBJuViE2YSGn3nVE1K
2020-03-023,41L3O37CECZt3N7ziG2z7l
2020-03-024,598yNsG1JFrGd4n2kMoz7F
2020-03-026,7lidXGPXPYLNThITAOTlkK
2020-03-027,3Yh9lZcWyKrK9GjbhuS0hR
2020-03-028,7IECs9d4Rrlpa7tiHOCE1w
2020-03-029,4TnjEaWOeW0eKTKIEvJyCa
2020-03-030,79s5XnCN4TJKTVMSmOx8Ep
2020-03-031,6XHVuErjQ4XNm6nDPVCxVX
2020-03-032,4wNIkl5XGiAACjFBlDWuSd
2020-03-034,53F1MVa1BWUkTBbVqgVAfN
2020-03-035,0TK2YIli7K1leLovkQiNik
2020-03-036,2Fxmhks0bxGSBdJ92vM42m
2020-03-039,30RZAuEkYeDXvy46Iv6l7E
2020-03-040,3eekarcy7kvN4yt5ZFzltW
2020-03-041,1iQDltZqI7BXnHrFy4Qo1k
2020-03-042,08dFHFTx6r67MTsYn5ilDR
2020-03-043,22vgEDb5hykfaTwLuskFGD
2020-03-044,3HVWdVOQ0ZA45FuZGSfvns
2020-03-046,2u3EyuCqqV31woqGvO9LBz
2020-03-047,3qHgGyJY4GpXNOK4WL4NSo
2020-03-048,0DiDStADDVh3SvAsoJAFMk
2020-03-049,0AYbVoeF03NYhM0fvKjAuU
2020-03-051,6wJYhPfqk3KGhHRG76WzOh
2020-03-053,7k4t7uLgtOxPwTpFmtJNTY
2020-03-054,73SpzrcaHk0RQPFP73vqVR
2020-03-055,7qvsl2pYzrsYgPeFBN5jxp
2020-03-056,2Xo3rLHjXfdb4avN68aQyi
2020-03-057,6fWa5CRgy0z30OeGZyMBvD
2020-03-058,0KVEBQA98JvkmB5ZydQ13k
2020-03-059,2OUY5NdALupSoIQN9ZBH1a
2020-03-060,7MYFKS7XpVz1JQDK38pr8N
2020-03-061,2ZTYlnhhV1UAReg7wIGolx
2020-03-062,6UL2RC5J2vMau9KOMKQfJg
2020-03-064,5M3v6frAiTyqenNAeQVcxC
2020-03-065,5M8goiFYynmNxhueYW6grR
2020-03-067,5MwynWK9s4hlyKHqhkNn4A
2020-03-068,7Dxes6VnfbZYV0S2QTnVuT
2020-03-070,60RFlt48hm0l4Fu0JoccOl
2020-03-072,31JID2STTlLuFqXFWHyM8e
2020-03-073,6MBUUSIWCzaXW4q58Ktrv9
2020-03-075,5Jbwsh74ggk2aAHF2MtoRG
2020-03-079,6klLvorLoo1sxvZcjJIY8I
2020-03-080,5YEAvnL3klXUE7etBXvMlp
2020-03-081,53cGGBxGPaRjP0HVUESyW5
2020-03-082,2gMXnyrvIjhVBUZwvLZDMP
2020-03-083,2FvD20Z8aoWIePi7PoN8sG
2020-03-084,4vTgx6h4seHvkuFh84JXYP
2020-03-085,4RhRDVXc3xFojyyjyh1jmN
2020-03-086,4vUmTMuQqjdnvlZmAH61Qk
2020-03-087,0ono6UCNVZ1XqOm6j78Blu
2020-03-088,48KXAIruJ07kJVCWOGohMV
2020-03-089,6fEdWrEYspdneQMNIT33I4
2020-03-090,1s71G3V7XQaVo5IOR6gLbp
2020-03-092,3RauEVgRgj1IuWdJ9fDs70
2020-03-094,7HMmFQsKsljwTw8bS7lu19
2020-03-095,3TTMUI5dFcbeNSDTTDY9M8
2020-03-096,5OBtr92M0xsvOGqpnz3LzW
2020-03-097,6cZH4rX1KTt1aJ3Ql6Ynja
2020-03-098,6XXYdF6pJR1K3wKvuxmu7n
2020-03-099,5DxXgozhkPLgrbKFY91w0c
2020-03-100,6U0FIYXCQ3TGrk4tFpLrEA
2020-04-001,0sf12qNH5qcw8qpgymFOqD
2020-04-002,0nbXyq5TXYPCO7pr3N8S4I
2020-04-003,6WrI0LAC5M1Rw2MnX2ZvEg
2020-04-004,57vxBYXtHMk6H1aD29V7PU
2020-04-005,21jGcNKet2qwijlDFuPiPb
2020-04-007,1M4qEo4HE3PRaCOM7EXNJq
2020-04-010,696DnlkuDOXcMAnKlTgXXK
2020-04-011,7qEHsqek33rTcFNT9PFqLf
2020-04-012,3ZCTVFBt2Brf31RLEnCkWJ
2020-04-013,7aiClxsDWFRQ0Kzk5KI5ku
2020-04-014,2b8fOow8UzyDFAE27YhOZM
2020-04-015,2XU0oxnq2qxCpomAAuJY8K
2020-04-016,7szuecWAPwGoV1e5vGu8tl
2020-04-017,3npzogdOEiVsieXmmhBepL
2020-04-018,3yOlyBJuViE2YSGn3nVE1K
2020-04-020,55CHeLEfn5iJ0IIkgaa4si
2020-04-021,6b5P51m8xx2XA6U7sdNZ5E
2020-04-022,2p8IUWQDrpjuFltbdgLOag
2020-04-024,4BGZF4oLbTL0pWm7C18pbv
2020-04-025,6kWxIqQDsKFYCJGbU4AjCX
2020-04-027,2ujI5NnuV1wbW8xQBy02Vd
2020-04-028,2K9Ovn1o2bTGqbsABGC6m3
2020-04-029,4TnjEaWOeW0eKTKIEvJyCa
2020-04-031,6Ozh9Ok6h4Oi1wUSLtBseN
2020-04-032,3WlbeuhfRSqU7ylK2Ui5U7
2020-04-033,7lidXGPXPYLNThITAOTlkK
2020-04-034,6XHVuErjQ4XNm6nDPVCxVX
2020-04-037,6wJYhPfqk3KGhHRG76WzOh
2020-04-039,1sOW4PuG5X3Ie3EXUhAopJ
2020-04-040,30RZAuEkYeDXvy46Iv6l7E
2020-04-042,598yNsG1JFrGd4n2kMoz7F
2020-04-043,6fWa5CRgy0z30OeGZyMBvD
2020-04-044,5M8goiFYynmNxhueYW6grR
2020-04-045,3orEOtd8CPL8GFlpRpKuoE
2020-04-046,5M3v6frAiTyqenNAeQVcxC
2020-04-047,1HfMVBKM75vxSfsQ5VefZ5
2020-04-048,2IHLaN6wwYKQ3S24NsQqpA
2020-04-049,6MBUUSIWCzaXW4q58Ktrv9
2020-04-050,31JID2STTlLuFqXFWHyM8e
2020-04-052,2Xo3rLHjXfdb4avN68aQyi
2020-04-053,5MwynWK9s4hlyKHqhkNn4A
2020-04-054,56uXDJRCuoS7abX3SkzHKQ
2020-04-055,0zLCBJZSiELJf02ucPP9wb
2020-04-056,60RFlt48hm0l4Fu0JoccOl
2020-04-058,79s5XnCN4TJKTVMSmOx8Ep
2020-04-060,2u3EyuCqqV31woqGvO9LBz
2020-04-061,53cGGBxGPaRjP0HVUESyW5
2020-04-062,1Cv1YLb4q0RzL6pybtaMLo
2020-04-064,5Jbwsh74ggk2aAHF2MtoRG
2020-04-065,1s71G3V7XQaVo5IOR6gLbp
2020-04-066,7k4t7uLgtOxPwTpFmtJNTY
2020-04-067,48KXAIruJ07kJVCWOGohMV
2020-04-069,40U8d12pC5UHqmHwXjHjjl
2020-04-070,3kW4z2pIj5VY5fLjBrMRL5
2020-04-072,4wNIkl5XGiAACjFBlDWuSd
2020-04-073,5raTDhlbxFDnpn89bxArdH
2020-04-074,7hav1MHURQf5SAoPk0egqh
2020-04-075,0LEFmgIj8ABU7CelzGh5Bs
2020-04-077,2gMXnyrvIjhVBUZwvLZDMP
2020-04-080,2BcnxwxBuar5wjCaLqm5N3
2020-04-081,06scTb0zbkxYNgpAB3J9fN
2020-04-083,41L3O37CECZt3N7ziG2z7l
2020-04-084,2ZTYlnhhV1UAReg7wIGolx
2020-04-087,6CUP2khYzdphXebxVTfPE3
2020-04-088,3TTMUI5dFcbeNSDTTDY9M8
2020-04-089,7ge7BHazYbVKi8qyZUX1Bm
2020-04-091,5OTLZjYOw4HVOoo9E31U42
2020-04-092,41wtwzCZkXwpnakmwJ239F
2020-04-096,6klLvorLoo1sxvZcjJIY8I
2020-04-097,3Z0oQ8r78OUaHvGPiDBR3W
2020-04-099,5DxXgozhkPLgrbKFY91w0c
2020-04-100,6NfrH0ANGmgBXyxgV2PeXt
2020-05-001,0sf12qNH5qcw8qpgymFOqD
2020-05-002,127QTOFJsJQp5LbJbu3A1y
2020-05-003,0nbXyq5TXYPCO7pr3N8S4I
2020-05-004,6WrI0LAC5M1Rw2MnX2ZvEg
2020-05-006,21jGcNKet2qwijlDFuPiPb
2020-05-007,1M4qEo4HE3PRaCOM7EXNJq
2020-05-011,3ZCTVFBt2Brf31RLEnCkWJ
2020-05-012,3yOlyBJuViE2YSGn3nVE1K
2020-05-013,3npzogdOEiVsieXmmhBepL
2020-05-014,55CHeLEfn5iJ0IIkgaa4si
2020-05-015,7qEHsqek33rTcFNT9PFqLf
2020-05-018,2b8fOow8UzyDFAE27YhOZM
2020-05-019,6wJYhPfqk3KGhHRG76WzOh
2020-05-020,5M8goiFYynmNxhueYW6grR
2020-05-021,5MwynWK9s4hlyKHqhkNn4A
2020-05-022,0zLCBJZSiELJf02ucPP9wb
2020-05-023,4TnjEaWOeW0eKTKIEvJyCa
2020-05-024,7aiClxsDWFRQ0Kzk5KI5ku
2020-05-026,696DnlkuDOXcMAnKlTgXXK
2020-05-028,57vxBYXtHMk6H1aD29V7PU
2020-05-029,6fWa5CRgy0z30OeGZyMBvD
2020-05-030,60RFlt48hm0l4Fu0JoccOl
2020-05-031,2XU0oxnq2qxCpomAAuJY8K
2020-05-033,1gVCEnryJhkdQcuC0Kbvor
2020-05-035,5UusfWUMMLEXLMc1ViNZoe
2020-05-038,1Cv1YLb4q0RzL6pybtaMLo
2020-05-039,017PF4Q3l4DBUiWoXk4OWT
2020-05-042,2IHLaN6wwYKQ3S24NsQqpA
2020-05-043,6Ozh9Ok6h4Oi1wUSLtBseN
2020-05-045,6xZ4Q2k2ompmDppyeESIY8
2020-05-046,2ujI5NnuV1wbW8xQBy02Vd
2020-05-047,5Jbwsh74ggk2aAHF2MtoRG
2020-05-048,6XHVuErjQ4XNm6nDPVCxVX
2020-05-049,10xuH52YSXHWFwCaF1fsDd
2020-05-052,53cGGBxGPaRjP0HVUESyW5
2020-05-054,79s5XnCN4TJKTVMSmOx8Ep
2020-05-055,7szuecWAPwGoV1e5vGu8tl
2020-05-056,1z6wl2rwKatfmza6usanWw
2020-05-057,2gMXnyrvIjhVBUZwvLZDMP
2020-05-060,2u3EyuCqqV31woqGvO9LBz
2020-05-061,5OELUCYgOHKFAvCERnAvfS
2020-05-062,2Xo3rLHjXfdb4avN68aQyi
2020-05-063,57crda5Lx9OVaYCzb4Wrnd
2020-05-064,0jWm0VyD8p3MrSInczpows
2020-05-068,0SqqAgdovOE24BzxIClpjw
2020-05-070,7k4t7uLgtOxPwTpFmtJNTY
2020-05-073,6MBUUSIWCzaXW4q58Ktrv9
2020-05-074,3QSLoxRguKgK0knOG7EGyn
2020-05-076,48KXAIruJ07kJVCWOGohMV
2020-05-078,7IMwEtpAiJanqF6vQteZN2
2020-05-079,3TTMUI5dFcbeNSDTTDY9M8
2020-05-080,7lidXGPXPYLNThITAOTlkK
2020-05-081,31JID2STTlLuFqXFWHyM8e
2020-05-082,0kPeZAyIhIfeZNrtfjJGDB
2020-05-084,7ge7BHazYbVKi8qyZUX1Bm
2020-05-085,19eeh4pgEGHdSTc26U1y89
2020-05-086,0o58NWBiVXewJNfNDKQyjw
2020-05-087,7qRVyZDt1Caftkk8CQlKtk
2020-05-088,56uXDJRCuoS7abX3SkzHKQ
2020-05-089,2IuazAsyvbb3fFZb0Uvsmk
2020-05-090,4xqIYGwwZTEem9U8A42SPF
2020-05-091,5raTDhlbxFDnpn89bxArdH
2020-05-092,527k23H0A4Q0UJN3vGs0Da
2020-05-094,3DA4SE262k6rdEtlHteNyq
2020-05-095,2tnVG71enUj33Ic2nFN6kZ
2020-05-096,1E3VQQWFQAPJkXfYHjqWoI
2020-05-097,7Ce11Oh1kConF6UlkBWnaZ
2020-05-099,2DEZmgHKAvm41k4J3R2E9Y
2020-05-100,65QRS8iMQ1TsQ93fPZIZ4i
2020-06-002,55CHeLEfn5iJ0IIkgaa4si
2020-06-004,0sf12qNH5qcw8qpgymFOqD
2020-06-006,127QTOFJsJQp5LbJbu3A1y
2020-06-007,6WrI0LAC5M1Rw2MnX2ZvEg
2020-06-008,0nbXyq5TXYPCO7pr3N8S4I
2020-06-011,21jGcNKet2qwijlDFuPiPb
2020-06-012,1M4qEo4HE3PRaCOM7EXNJq
2020-06-013,3npzogdOEiVsieXmmhBepL
2020-06-014,0zLCBJZSiELJf02ucPP9wb
2020-06-016,6wJYhPfqk3KGhHRG76WzOh
2020-06-018,5MwynWK9s4hlyKHqhkNn4A
2020-06-021,4TnjEaWOeW0eKTKIEvJyCa
2020-06-022,4NhDYoQTYCdWHTvlbGVgwo
2020-06-024,1Cv1YLb4q0RzL6pybtaMLo
2020-06-027,5RqR4ZCCKJDcBLIn4sih9l
2020-06-028,5M8goiFYynmNxhueYW6grR
2020-06-029,5Jbwsh74ggk2aAHF2MtoRG
2020-06-030,2gMXnyrvIjhVBUZwvLZDMP
2020-06-031,3yOlyBJuViE2YSGn3nVE1K
2020-06-032,7szuecWAPwGoV1e5vGu8tl
2020-06-033,1z6wl2rwKatfmza6usanWw
2020-06-034,017PF4Q3l4DBUiWoXk4OWT
2020-06-035,3ZCTVFBt2Brf31RLEnCkWJ
2020-06-036,2b8fOow8UzyDFAE27YhOZM
2020-06-037,10xuH52YSXHWFwCaF1fsDd
2020-06-043,7aiClxsDWFRQ0Kzk5KI5ku
2020-06-045,1e9oZCCiX42nJl0AcqriVo
2020-06-047,6NhS5LwYbJ6xD7BGvlWRJO
2020-06-048,2XU0oxnq2qxCpomAAuJY8K
2020-06-050,2u3EyuCqqV31woqGvO9LBz
2020-06-051,0kPeZAyIhIfeZNrtfjJGDB
2020-06-052,1IIKrJVP1C9N7iPtG6eOsK
2020-06-054,7ge7BHazYbVKi8qyZUX1Bm
2020-06-056,79s5XnCN4TJKTVMSmOx8Ep
2020-06-057,0y7Ao3CVJsyKFmqdjutiIF
2020-06-060,5VzYwfpY9MWtmqNZ1YpoWN
2020-06-061,6xZ4Q2k2ompmDppyeESIY8
2020-06-063,527k23H0A4Q0UJN3vGs0Da
2020-06-064,0clSHsrHl2irBkObcLEZqS
2020-06-065,7GwYENSg87oERcW0Wacd6m
2020-06-067,4LkEHc33eXcXFQNwxruw7W
2020-06-068,0SqqAgdovOE24BzxIClpjw
2020-06-069,7qRVyZDt1Caftkk8CQlKtk
2020-06-070,4loM16743hROPC6uIJG6wM
2020-06-072,5dOxHHMOFAbG3VH23t0xNm
2020-06-075,2tnVG71enUj33Ic2nFN6kZ
2020-06-076,0H4ugk6rhnXmTl47ayy9O5
2020-06-077,48KXAIruJ07kJVCWOGohMV
2020-06-078,2f8y4CuG57UJEmkG3ujd0D
2020-06-079,4uqh9bualXNHXXwO2wPorc
2020-06-080,7Ce11Oh1kConF6UlkBWnaZ
2020-06-081,2IuazAsyvbb3fFZb0Uvsmk
2020-06-082,3DA4SE262k6rdEtlHteNyq
2020-06-084,0JZUiKHoEDpsLvXfeqbZxV
2020-06-086,3IaxObCWKEaGtIT78GsEpP
2020-06-087,4objxuNfJlJHomkRIPa2Y2
2020-06-090,7IMwEtpAiJanqF6vQteZN2
2020-06-094,1VLtjHwRWOVJiE5Py7JxoQ
2020-06-095,3JKgcAa7r07ocVWcV8bS0H
2020-06-098,7qaoXmlsSrndaQeDRPpOeW
2020-06-099,1ZRjLZcNTm1vUgrexBp3px
2020-07-002,55CHeLEfn5iJ0IIkgaa4si
2020-07-003,0sf12qNH5qcw8qpgymFOqD
2020-07-004,0zLCBJZSiELJf02ucPP9wb
2020-07-007,44gRhRi2OhEf7moAUj6MD1
2020-07-009,6wJYhPfqk3KGhHRG76WzOh
2020-07-010,21jGcNKet2qwijlDFuPiPb
2020-07-012,1M4qEo4HE3PRaCOM7EXNJq
2020-07-013,3npzogdOEiVsieXmmhBepL
2020-07-014,6WrI0LAC5M1Rw2MnX2ZvEg
2020-07-015,0nbXyq5TXYPCO7pr3N8S4I
2020-07-016,1e9oZCCiX42nJl0AcqriVo
2020-07-018,5VzYwfpY9MWtmqNZ1YpoWN
2020-07-019,4TnjEaWOeW0eKTKIEvJyCa
2020-07-020,127QTOFJsJQp5LbJbu3A1y
2020-07-022,1Cv1YLb4q0RzL6pybtaMLo
2020-07-023,017PF4Q3l4DBUiWoXk4OWT
2020-07-025,5RqR4ZCCKJDcBLIn4sih9l
2020-07-026,10xuH52YSXHWFwCaF1fsDd
2020-07-027,2gMXnyrvIjhVBUZwvLZDMP
2020-07-029,6NhS5LwYbJ6xD7BGvlWRJO
2020-07-030,5MwynWK9s4hlyKHqhkNn4A
2020-07-032,1IIKrJVP1C9N7iPtG6eOsK
2020-07-033,0kPeZAyIhIfeZNrtfjJGDB
2020-07-036,7ge7BHazYbVKi8qyZUX1Bm
2020-07-037,2qzUpSVI4NnPyWxbXwumTj
2020-07-038,7qRVyZDt1Caftkk8CQlKtk
2020-07-040,2b8fOow8UzyDFAE27YhOZM
2020-07-044,5M8goiFYynmNxhueYW6grR
2020-07-045,5Jbwsh74ggk2aAHF2MtoRG
2020-07-046,79s5XnCN4TJKTVMSmOx8Ep
2020-07-047,7aiClxsDWFRQ0Kzk5KI5ku
2020-07-049,3ZCTVFBt2Brf31RLEnCkWJ
2020-07-050,4NhDYoQTYCdWHTvlbGVgwo
2020-07-051,3DA4SE262k6rdEtlHteNyq
2020-07-053,0clSHsrHl2irBkObcLEZqS
2020-07-054,1oOEkBNp4zWnkD7nWjJdog
2020-07-055,1z6wl2rwKatfmza6usanWw
2020-07-056,48KXAIruJ07kJVCWOGohMV
2020-07-057,5XzombolzpiaOSTdj1W0VS
2020-07-060,2IuazAsyvbb3fFZb0Uvsmk
2020-07-061,7Ce11Oh1kConF6UlkBWnaZ
2020-07-062,2mP3RZC3I6gPzOhOpWNzhx
2020-07-063,527k23H0A4Q0UJN3vGs0Da
2020-07-067,4TCc369aRPRubv1m8R1TBG
2020-07-068,28uL97M3whSL1UWqr7hsNh
2020-07-071,0SqqAgdovOE24BzxIClpjw
2020-07-073,4lSfhHd5Knwl8yQw2cVjAD
2020-07-076,693NFnfJZt16AFDaZqlflo
2020-07-078,5P3oaNpPDVLRJsL3152SEs
2020-07-079,4uqh9bualXNHXXwO2wPorc
2020-07-080,7szuecWAPwGoV1e5vGu8tl
2020-07-081,14GwnOeC9qYEKEA6uOZepa
2020-07-083,1orjH4IkSH9VrWmRCToKV8
2020-07-084,3JKgcAa7r07ocVWcV8bS0H
2020-07-087,47qZzTLLJcuD69AIKnquo4
2020-07-088,4Rq2BMG5VWMhb2whSx8bf4
2020-07-089,65QRS8iMQ1TsQ93fPZIZ4i
2020-07-090,6xZ4Q2k2ompmDppyeESIY8
2020-07-091,35Dh5MnCUPLN3XyAVtQff3
2020-07-092,6jGyDvL1Rf4XfwTb25o1HN
2020-07-093,5dOxHHMOFAbG3VH23t0xNm
2020-07-095,2dzja72gQodveSpguIQGJl
2020-07-096,6vC90OOjZR165Hw8CpsqEm
2020-07-097,5OELUCYgOHKFAvCERnAvfS
2020-07-098,1ZRjLZcNTm1vUgrexBp3px
2020-07-099,53BHUFdQphHiZUUG3nx9zn
2020-08-004,0sf12qNH5qcw8qpgymFOqD
2020-08-005,0zLCBJZSiELJf02ucPP9wb
2020-08-006,55CHeLEfn5iJ0IIkgaa4si
2020-08-007,1e9oZCCiX42nJl0AcqriVo
2020-08-010,1IIKrJVP1C9N7iPtG6eOsK
2020-08-011,6wJYhPfqk3KGhHRG76WzOh
2020-08-013,2U5WueTLIK5WJLD7mvDODv
2020-08-015,1M4qEo4HE3PRaCOM7EXNJq
2020-08-017,017PF4Q3l4DBUiWoXk4OWT
2020-08-018,21jGcNKet2qwijlDFuPiPb
2020-08-019,2gMXnyrvIjhVBUZwvLZDMP
2020-08-020,5VzYwfpY9MWtmqNZ1YpoWN
2020-08-024,5RqR4ZCCKJDcBLIn4sih9l
2020-08-025,6NhS5LwYbJ6xD7BGvlWRJO
2020-08-026,0kPeZAyIhIfeZNrtfjJGDB
2020-08-027,6WrI0LAC5M1Rw2MnX2ZvEg
2020-08-030,4TnjEaWOeW0eKTKIEvJyCa
2020-08-031,3npzogdOEiVsieXmmhBepL
2020-08-033,10xuH52YSXHWFwCaF1fsDd
2020-08-034,0nbXyq5TXYPCO7pr3N8S4I
2020-08-035,3DA4SE262k6rdEtlHteNyq
2020-08-037,44gRhRi2OhEf7moAUj6MD1
2020-08-038,4K06PO78fW4mnBVenxGNob
2020-08-039,5MwynWK9s4hlyKHqhkNn4A
2020-08-040,1Cv1YLb4q0RzL6pybtaMLo
2020-08-043,7ge7BHazYbVKi8qyZUX1Bm
2020-08-044,3sKz6Sd72K0ofPWcJPPk6H
2020-08-045,127QTOFJsJQp5LbJbu3A1y
2020-08-046,6WbTTAGKrQtCQvmc5BuYfh
2020-08-049,0fCwrjKfWxF3xQhZrYUw4T
2020-08-050,28uL97M3whSL1UWqr7hsNh
2020-08-051,5dOxHHMOFAbG3VH23t0xNm
2020-08-053,4TCc369aRPRubv1m8R1TBG
2020-08-054,0clSHsrHl2irBkObcLEZqS
2020-08-055,25zlnOAzbVoOzIeXSvQFf1
2020-08-056,693NFnfJZt16AFDaZqlflo
2020-08-062,1YM6c2sxbf2Jacl9IFgn4I
2020-08-063,2mP3RZC3I6gPzOhOpWNzhx
2020-08-064,21CkzgKCBCq5V4XKjiGSIj
2020-08-066,4Hpib09wXgD84w4uwTPnYD
2020-08-067,7Ce11Oh1kConF6UlkBWnaZ
2020-08-068,7d94IqWX2UmSKMGUYSGFJG
2020-08-069,14GwnOeC9qYEKEA6uOZepa
2020-08-071,4lSfhHd5Knwl8yQw2cVjAD
2020-08-072,0nYvjcSlCgjcwogQAwIwNp
2020-08-073,5P3oaNpPDVLRJsL3152SEs
2020-08-075,5kkaSMcf4BFlhRRICCKZb6
2020-08-078,7pbg3ABlAZv2NiIdKbBBFm
2020-08-079,0440JCJyIAmINA8KcYgFb5
2020-08-080,5OELUCYgOHKFAvCERnAvfS
2020-08-082,527k23H0A4Q0UJN3vGs0Da
2020-08-085,65QRS8iMQ1TsQ93fPZIZ4i
2020-08-089,7AvprzMsRJpybaalckaT8c
2020-08-090,53BHUFdQphHiZUUG3nx9zn
2020-08-091,47qZzTLLJcuD69AIKnquo4
2020-08-092,4PPLJAEYBSOcnzr9TZoqf9
2020-08-095,4F6YLjakjqWFTgC5qfEwPQ
2020-08-097,5B8TVWwRMdofz9ssxfq5dX
2020-08-099,6vC90OOjZR165Hw8CpsqEm
2020-09-001,4saklk6nie3yiGePpBwUoc
2020-09-005,0sf12qNH5qcw8qpgymFOqD
2020-09-007,1e9oZCCiX42nJl0AcqriVo
2020-09-008,0zLCBJZSiELJf02ucPP9wb
2020-09-010,2gMXnyrvIjhVBUZwvLZDMP
2020-09-013,1IIKrJVP1C9N7iPtG6eOsK
2020-09-014,017PF4Q3l4DBUiWoXk4OWT
2020-09-016,21jGcNKet2qwijlDFuPiPb
2020-09-017,1M4qEo4HE3PRaCOM7EXNJq
2020-09-020,55CHeLEfn5iJ0IIkgaa4si
2020-09-022,3DA4SE262k6rdEtlHteNyq
2020-09-025,3npzogdOEiVsieXmmhBepL
2020-09-027,6WrI0LAC5M1Rw2MnX2ZvEg
2020-09-029,6wJYhPfqk3KGhHRG76WzOh
2020-09-030,0nYvjcSlCgjcwogQAwIwNp
2020-09-031,4Hpib09wXgD84w4uwTPnYD
2020-09-032,2U5WueTLIK5WJLD7mvDODv
2020-09-033,4TCc369aRPRubv1m8R1TBG
2020-09-036,4R2kfaDFhslZEMJqAFNpdd
2020-09-037,6NhS5LwYbJ6xD7BGvlWRJO
2020-09-038,4obHzpwGrjoTuZh2DItEMZ
2020-09-039,5P3oaNpPDVLRJsL3152SEs
2020-09-040,0clSHsrHl2irBkObcLEZqS
2020-09-041,27ycaQnQAxaPiyeg3nr2aB
2020-09-043,5MwynWK9s4hlyKHqhkNn4A
2020-09-044,5VzYwfpY9MWtmqNZ1YpoWN
2020-09-045,6WbTTAGKrQtCQvmc5BuYfh
2020-09-046,14GwnOeC9qYEKEA6uOZepa
2020-09-048,0nbXyq5TXYPCO7pr3N8S4I
2020-09-049,3kwgqoBqTwoAH4nT29TYrq
2020-09-050,4xqrdfXkTW4T0RauPLv3WA
2020-09-053,5RqR4ZCCKJDcBLIn4sih9l
2020-09-054,44gRhRi2OhEf7moAUj6MD1
2020-09-057,2ygvZOXrIeVL4xZmAWJT2C
2020-09-058,3sKz6Sd72K0ofPWcJPPk6H
2020-09-059,5ovVcYo2MvjVydFwFyaaqy
2020-09-060,4lSfhHd5Knwl8yQw2cVjAD
2020-09-061,2oWuBmQtYMx3LEgahIsJvs
2020-09-064,53BHUFdQphHiZUUG3nx9zn
2020-09-065,1SF8piqsZWn86DajVKih8F
2020-09-067,5OELUCYgOHKFAvCERnAvfS
2020-09-068,7Ce11Oh1kConF6UlkBWnaZ
2020-09-070,74HXSgYMjjOSokUMcchGlL
2020-09-071,5B8TVWwRMdofz9ssxfq5dX
2020-09-073,7a53HqqArd4b9NF4XAmlbI
2020-09-074,551xyaSJsg8hILXFq9JdST
2020-09-075,6vC90OOjZR165Hw8CpsqEm
2020-09-076,693NFnfJZt16AFDaZqlflo
2020-09-078,54eUv9Q3D9MZuOGS5PSflp
2020-09-080,47qZzTLLJcuD69AIKnquo4
2020-09-083,1VLtjHwRWOVJiE5Py7JxoQ
2020-09-085,0Jlcvv8IykzHaSmj49uNW8
2020-09-087,65QRS8iMQ1TsQ93fPZIZ4i
2020-09-088,527k23H0A4Q0UJN3vGs0Da
2020-09-090,7CdoE8U5DwrwCaLoyf3ME0
2020-09-091,25zlnOAzbVoOzIeXSvQFf1
2020-09-094,5TI10v8sy9VPp5YhVRVK1f
2020-09-095,45bE4HXI0AwGZXfZtMp8JR
2020-09-100,3JKgcAa7r07ocVWcV8bS0H
2020-10-001,4saklk6nie3yiGePpBwUoc
2020-10-007,0sf12qNH5qcw8qpgymFOqD
2020-10-008,1e9oZCCiX42nJl0AcqriVo
2020-10-011,2gMXnyrvIjhVBUZwvLZDMP
2020-10-013,1IIKrJVP1C9N7iPtG6eOsK
2020-10-017,21jGcNKet2qwijlDFuPiPb
2020-10-018,0zLCBJZSiELJf02ucPP9wb
2020-10-021,4TCc369aRPRubv1m8R1TBG
2020-10-022,14GwnOeC9qYEKEA6uOZepa
2020-10-023,1M4qEo4HE3PRaCOM7EXNJq
2020-10-024,3sKz6Sd72K0ofPWcJPPk6H
2020-10-025,017PF4Q3l4DBUiWoXk4OWT
2020-10-026,0nYvjcSlCgjcwogQAwIwNp
2020-10-028,4Hpib09wXgD84w4uwTPnYD
2020-10-029,5P3oaNpPDVLRJsL3152SEs
2020-10-032,6WrI0LAC5M1Rw2MnX2ZvEg
2020-10-033,53BHUFdQphHiZUUG3nx9zn
2020-10-034,5OELUCYgOHKFAvCERnAvfS
2020-10-038,7a53HqqArd4b9NF4XAmlbI
2020-10-039,27ycaQnQAxaPiyeg3nr2aB
2020-10-040,5MwynWK9s4hlyKHqhkNn4A
2020-10-042,5ovVcYo2MvjVydFwFyaaqy
2020-10-043,54eUv9Q3D9MZuOGS5PSflp
2020-10-044,3DA4SE262k6rdEtlHteNyq
2020-10-045,2U5WueTLIK5WJLD7mvDODv
2020-10-046,5VzYwfpY9MWtmqNZ1YpoWN
2020-10-048,55CHeLEfn5iJ0IIkgaa4si
2020-10-049,4R2kfaDFhslZEMJqAFNpdd
2020-10-050,6wJYhPfqk3KGhHRG76WzOh
2020-10-051,5hvwx5i67IwnCkjl9VHkNv
2020-10-053,5B8TVWwRMdofz9ssxfq5dX
2020-10-054,4xqrdfXkTW4T0RauPLv3WA
2020-10-056,1tkg4EHVoqnhR6iFEXb60y
2020-10-059,4obHzpwGrjoTuZh2DItEMZ
2020-10-061,6vC90OOjZR165Hw8CpsqEm
2020-10-063,45bE4HXI0AwGZXfZtMp8JR
2020-10-067,2oWuBmQtYMx3LEgahIsJvs
2020-10-068,6WbTTAGKrQtCQvmc5BuYfh
2020-10-069,44gRhRi2OhEf7moAUj6MD1
2020-10-071,74HXSgYMjjOSokUMcchGlL
2020-10-072,1SF8piqsZWn86DajVKih8F
2020-10-073,3TNSVsiFngfe68UJpMq1oS
2020-10-074,1VLtjHwRWOVJiE5Py7JxoQ
2020-10-075,3qRBN8te6leaLPLXQ7ML9A
2020-10-077,1D7cfiC5mxqHfTCcOiRBej
2020-10-079,77XoAnllT85lmR9WP0D8dS
2020-10-082,3kwgqoBqTwoAH4nT29TYrq
2020-10-083,0ifYeH4gNXEyba41xr3I1w
2020-10-085,35Dh5MnCUPLN3XyAVtQff3
2020-10-088,4lsHZ92XCFOQfzJFBTluk8
2020-10-092,4GurWpxvH3NoWz9f9wirPq
2020-10-094,5TI10v8sy9VPp5YhVRVK1f
2020-10-097,1jWHtG4UXwH7JkEGY559Pa
2020-11-001,35mvY5S1H3J2QZyna3TFe0
2020-11-002,6IBcOGPsniK3Pso1wHIhew
2020-11-005,0sf12qNH5qcw8qpgymFOqD
2020-11-012,4saklk6nie3yiGePpBwUoc
2020-11-013,2gMXnyrvIjhVBUZwvLZDMP
2020-11-015,1e9oZCCiX42nJl0AcqriVo
2020-11-016,1IIKrJVP1C9N7iPtG6eOsK
2020-11-017,3sKz6Sd72K0ofPWcJPPk6H
2020-11-018,21jGcNKet2qwijlDFuPiPb
2020-11-021,4TCc369aRPRubv1m8R1TBG
2020-11-022,7a53HqqArd4b9NF4XAmlbI
2020-11-023,5OELUCYgOHKFAvCERnAvfS
2020-11-026,14GwnOeC9qYEKEA6uOZepa
2020-11-027,4fKiuIavbsoTRZ6R7xuAyT
2020-11-028,53BHUFdQphHiZUUG3nx9zn
2020-11-029,1tkg4EHVoqnhR6iFEXb60y
2020-11-030,1tSGw3h54aHModEHHL1HGK
2020-11-031,1M4qEo4HE3PRaCOM7EXNJq
2020-11-032,5KCbr5ndeby4y4ggthdiAb
2020-11-033,0ofHAoxe9vBkTCp2UQIavz
2020-11-034,4DuUwzP4ALMqpquHU0ltAB
2020-11-037,1D7cfiC5mxqHfTCcOiRBej
2020-11-038,6WrI0LAC5M1Rw2MnX2ZvEg
2020-11-039,0zLCBJZSiELJf02ucPP9wb
2020-11-041,0nYvjcSlCgjcwogQAwIwNp
2020-11-043,6vC90OOjZR165Hw8CpsqEm
2020-11-044,017PF4Q3l4DBUiWoXk4OWT
2020-11-045,54eUv9Q3D9MZuOGS5PSflp
2020-11-048,0ifYeH4gNXEyba41xr3I1w
2020-11-050,5ovVcYo2MvjVydFwFyaaqy
2020-11-053,5IUtvfNvOyVYZUa6AJFrnP
2020-11-055,45bE4HXI0AwGZXfZtMp8JR
2020-11-056,27ycaQnQAxaPiyeg3nr2aB
2020-11-058,5hvwx5i67IwnCkjl9VHkNv
2020-11-059,4Hpib09wXgD84w4uwTPnYD
2020-11-060,4obHzpwGrjoTuZh2DItEMZ
2020-11-062,2U5WueTLIK5WJLD7mvDODv
2020-11-063,3TNSVsiFngfe68UJpMq1oS
2020-11-065,77XoAnllT85lmR9WP0D8dS
2020-11-066,4ngz3vlQcFj3aNnTNikoRv
2020-11-067,7yNJCsUH3tXlpQiHSsAc5l
2020-11-069,0jcZ1uIHmvh6Is9T6hXOUk
2020-11-070,0KS2h61pHQ4WmOwruD7uxD
2020-11-071,4xqrdfXkTW4T0RauPLv3WA
2020-11-073,1VLtjHwRWOVJiE5Py7JxoQ
2020-11-074,45S5WTQEGOB1VHr1Q4FuPl
2020-11-077,5psEZhQu6lukjhavJo4AbC
2020-11-080,6AGOKlMZWLCaEJGnaROtF9
2020-11-081,5Kpg1A7BOHpBbaT3H3xqd3
2020-11-082,44gRhRi2OhEf7moAUj6MD1
2020-11-084,7IWV29mryrqtO0JVgnPtfv
2020-11-085,1SF8piqsZWn86DajVKih8F
2020-11-086,4Z5FyQlevoHoa5FsIVKZju
2020-11-087,2yySWxfeRN2QRZnFMnYMQl
2020-11-090,48F2xnWq3LuzYWML327Z2r
2020-11-092,2v08cjj3Th8RpfJgluECcj
2020-11-093,15C4TnrrVdym7UykxQIOTZ
2020-11-094,74HXSgYMjjOSokUMcchGlL
2020-11-095,35Dh5MnCUPLN3XyAVtQff3
2020-11-096,4R2kfaDFhslZEMJqAFNpdd
2020-11-098,15OjBeqNX3bShsGYQbteRv
2020-11-100,5avVDmK9FVJpd3MDO8I3Zl
2020-12-001,249gnXrbfmV8NG6jTEMSwD
2020-12-003,4saklk6nie3yiGePpBwUoc
2020-12-004,35mvY5S1H3J2QZyna3TFe0
2020-12-008,2Z8yfpFX0ZMavHkcIeHiO1
2020-12-009,0sf12qNH5qcw8qpgymFOqD
2020-12-011,54bFM56PmE4YLRnqpW6Tha
2020-12-012,0A1hoCfMLkiAgvhWkkucJa
2020-12-013,0n2moJpAEWHwaPYYjkzMDl
2020-12-014,0bYg9bo50gSsH3LtXe2SQn
2020-12-017,1IIKrJVP1C9N7iPtG6eOsK
2020-12-018,7a53HqqArd4b9NF4XAmlbI
2020-12-020,5OELUCYgOHKFAvCERnAvfS
2020-12-021,2EjXfH91m7f8HiJN1yQg97
2020-12-022,3ndCsZfq8OVwwkz9mmZvUz
2020-12-028,2gMXnyrvIjhVBUZwvLZDMP
2020-12-029,53BHUFdQphHiZUUG3nx9zn
2020-12-030,3jjBPF4NDMCU51psU8JPpR
2020-12-031,3hBXvHLlTHvnbwrPbeoyAj
2020-12-032,4fKiuIavbsoTRZ6R7xuAyT
2020-12-034,3sKz6Sd72K0ofPWcJPPk6H
2020-12-036,1e9oZCCiX42nJl0AcqriVo
2020-12-037,5hslUAKq9I9CG2bAulFkHN
2020-12-040,14GwnOeC9qYEKEA6uOZepa
2020-12-041,1tkg4EHVoqnhR6iFEXb60y
2020-12-042,6wn2nmFn3wDuiMldRiuRuL
2020-12-043,6vC90OOjZR165Hw8CpsqEm
2020-12-045,0oPdaY4dXtc3ZsaG17V972
2020-12-046,096YtKWNRXdmYKFLelSBto
2020-12-047,1tSGw3h54aHModEHHL1HGK
2020-12-048,4PS1e8f2LvuTFgUs1Cn3ON
2020-12-049,2uFaJJtFpPDc5Pa95XzTvg
2020-12-050,1D7cfiC5mxqHfTCcOiRBej
2020-12-051,7yNJCsUH3tXlpQiHSsAc5l
2020-12-052,3TNSVsiFngfe68UJpMq1oS
2020-12-053,6IBcOGPsniK3Pso1wHIhew
2020-12-055,6zFMeegAMYQo0mt8rXtrli
2020-12-056,5hvwx5i67IwnCkjl9VHkNv
2020-12-057,5KCbr5ndeby4y4ggthdiAb
2020-12-058,5ovVcYo2MvjVydFwFyaaqy
2020-12-059,4obHzpwGrjoTuZh2DItEMZ
2020-12-061,77XoAnllT85lmR9WP0D8dS
2020-12-063,45bE4HXI0AwGZXfZtMp8JR
2020-12-064,3UoULw70kMsiVXxW0L3A33
2020-12-066,5vGLcdRuSbUhD8ScwsGSdA
2020-12-069,3QH8rQGNFX8VLbCgZ7uPTS
2020-12-070,2FVpOsjT1iquZ3SpCjZ9Ne
2020-12-072,54DmTIv86D3sYdiawjULQ0
2020-12-073,7fEoXCZTZFosUFvFQg1BmW
2020-12-074,15C4TnrrVdym7UykxQIOTZ
2020-12-075,27ycaQnQAxaPiyeg3nr2aB
2020-12-076,48F2xnWq3LuzYWML327Z2r
2020-12-077,4DuUwzP4ALMqpquHU0ltAB
2020-12-079,5Kpg1A7BOHpBbaT3H3xqd3
2020-12-080,6WbTTAGKrQtCQvmc5BuYfh
2020-12-081,45S5WTQEGOB1VHr1Q4FuPl
2020-12-082,3yhhv0VCmKkAWD9ysDLpTE
2020-12-083,2L4YgbxxwmwafMqLIjSx8q
2020-12-087,2yySWxfeRN2QRZnFMnYMQl
2020-12-088,4ngz3vlQcFj3aNnTNikoRv
2020-12-089,1VLtjHwRWOVJiE5Py7JxoQ
2020-12-091,2U5WueTLIK5WJLD7mvDODv
2020-12-093,54eUv9Q3D9MZuOGS5PSflp
2020-12-094,08TILUAN56HJoS1d9mNRty
2020-12-095,6AGOKlMZWLCaEJGnaROtF9
2020-12-097,7vrJn5hDSXRmdXoR30KgF1
2020-12-098,2v08cjj3Th8RpfJgluECcj
2020-12-099,0mKnuxVkPi5h0kuvZl44VM
2020-12-100,5psEZhQu6lukjhavJo4AbC
2020-01-056,1iSqfoUFnQwV0QW1EfUit8
2020-01-085,2rTnVB1bvwxHtaIl4uVu7f
2020-01-086,6cy3ki60hLwimwIje7tALf
2020-02-034,1iSqfoUFnQwV0QW1EfUit8
2020-02-062,6cy3ki60hLwimwIje7tALf
2020-02-070,2rTnVB1bvwxHtaIl4uVu7f
2020-02-073,23T0OX7QOiIUFShSzbJ5Uo
2020-02-092,3Dv1eDb0MEgF93GpLXlucZ
2020-03-033,3Dv1eDb0MEgF93GpLXlucZ
2020-03-038,6cy3ki60hLwimwIje7tALf
2020-03-045,23T0OX7QOiIUFShSzbJ5Uo
2020-03-052,2rTnVB1bvwxHtaIl4uVu7f
2020-03-066,1iSqfoUFnQwV0QW1EfUit8
2020-03-077,1jaTQ3nqY3oAAYyCTbIvnM
2020-04-009,3Dv1eDb0MEgF93GpLXlucZ
2020-04-026,6cy3ki60hLwimwIje7tALf
2020-04-030,23T0OX7QOiIUFShSzbJ5Uo
2020-04-035,1iSqfoUFnQwV0QW1EfUit8
2020-04-051,2rTnVB1bvwxHtaIl4uVu7f
2020-04-057,1jaTQ3nqY3oAAYyCTbIvnM
2020-04-071,4nK5YrxbMGZstTLbvj6Gxw
2020-05-005,3Dv1eDb0MEgF93GpLXlucZ
2020-05-016,23T0OX7QOiIUFShSzbJ5Uo
2020-05-034,6cy3ki60hLwimwIje7tALf
2020-05-037,1jaTQ3nqY3oAAYyCTbIvnM
2020-05-058,2rTnVB1bvwxHtaIl4uVu7f
2020-05-059,4nK5YrxbMGZstTLbvj6Gxw
2020-06-005,3Dv1eDb0MEgF93GpLXlucZ
2020-06-017,39Yp9wwQiSRIDOvrVg7mbk
2020-06-019,23T0OX7QOiIUFShSzbJ5Uo
2020-06-025,1jaTQ3nqY3oAAYyCTbIvnM
2020-06-042,6cy3ki60hLwimwIje7tALf
2020-06-044,4nK5YrxbMGZstTLbvj6Gxw
2020-07-006,3Dv1eDb0MEgF93GpLXlucZ
2020-07-008,1jaTQ3nqY3oAAYyCTbIvnM
2020-07-017,23T0OX7QOiIUFShSzbJ5Uo
2020-07-035,39Yp9wwQiSRIDOvrVg7mbk
2020-07-042,4nK5YrxbMGZstTLbvj6Gxw
2020-07-043,1xQ6trAsedVPCdbtDAmk0c
2020-08-002,1jaTQ3nqY3oAAYyCTbIvnM
2020-08-012,1xQ6trAsedVPCdbtDAmk0c
2020-08-016,23T0OX7QOiIUFShSzbJ5Uo
2020-08-021,3Dv1eDb0MEgF93GpLXlucZ
2020-08-047,4nK5YrxbMGZstTLbvj6Gxw
2020-08-074,39Yp9wwQiSRIDOvrVg7mbk
2020-09-006,1jaTQ3nqY3oAAYyCTbIvnM
2020-09-009,1xQ6trAsedVPCdbtDAmk0c
2020-09-011,23T0OX7QOiIUFShSzbJ5Uo
2020-09-047,3Dv1eDb0MEgF93GpLXlucZ
2020-09-066,02kDW379Yfd5PzW5A6vuGt
2020-10-009,1xQ6trAsedVPCdbtDAmk0c
2020-10-010,23T0OX7QOiIUFShSzbJ5Uo
2020-10-012,1jaTQ3nqY3oAAYyCTbIvnM
2020-10-016,02kDW379Yfd5PzW5A6vuGt
2020-10-047,3Dv1eDb0MEgF93GpLXlucZ
2020-10-062,5NUXE8W12lWcUXgJRCjeEw
2020-11-006,23T0OX7QOiIUFShSzbJ5Uo
2020-11-008,1xQ6trAsedVPCdbtDAmk0c
2020-11-009,02kDW379Yfd5PzW5A6vuGt
2020-11-020,1jaTQ3nqY3oAAYyCTbIvnM
2020-11-042,39LLxExYz6ewLAcYrzQQyP
2020-12-005,23T0OX7QOiIUFShSzbJ5Uo
2020-12-010,02kDW379Yfd5PzW5A6vuGt
2020-12-019,1xQ6trAsedVPCdbtDAmk0c
2020-12-024,39LLxExYz6ewLAcYrzQQyP
2020-12-039,1jaTQ3nqY3oAAYyCTbIvnM
