billboard_id,artists,album_name,track_name,duration_ms,explicit
2025-01-001,Mariah Carey,Merry Christmas,All I Want For Christmas Is You,239000,false
2025-01-002,Brenda Lee,Christmas Cookies,Rockin' Around The Christmas Tree,126000,false
2025-01-003,Wham!,LAST CHRISTMAS,Last Christmas,264000,false
2025-01-004,Bobby Helms,Jingle Bells,Jingle Bell Rock,130000,false
2025-01-005,Ariana Grande,Santa Tell Me,Santa Tell Me,203000,false
2025-01-006,Burl Ives,Have A Holly Jolly Christmas,A Holly Jolly Christmas,128000,false
2025-01-007,Andy Williams,The Andy Williams Christmas Album,It's The Most Wonderful Time Of The Year,151000,false
2025-01-008,Dean Martin,Let It Snow,Let It Snow! Let It Snow! Let It Snow!,116000,false
2025-01-009,Kelly Clarkson,Wrapped In Red,Underneath The Tree,229000,false
2025-01-010,"Nat ""King"" Cole",The Christmas Song,The Christmas Song (Merry Christmas To You),190000,false
2025-01-011,Jose Feliciano,Feliz Navidad,Feliz Navidad,182000,false
2025-01-012,Michael Buble,100 Greatest Christmas Songs Ever,It's Beginning To Look A Lot Like Christmas,206000,false
2025-01-013,The Ronettes,A Christmas Gift For You From Phil Spector,Sleigh Ride,181000,false
2025-01-014,Chuck Berry,Rock 'N' Roll Rarities,Run Rudolph Run,162000,false
2025-01-015,Darlene Love,A Christmas Gift For You From Phil Spector,Christmas (Baby Please Come Home),166000,false
2025-01-016,Perry Como And The Fontane Sisters With Mitchell Ayres And His Orchestra,Greatest Christmas Songs,It's Beginning To Look A Lot Like Christmas,155000,false
2025-01-017,Lady Gaga & Bruno Mars,Die With A Smile,Die With A Smile,250000,false
2025-01-018,Frank Sinatra,The Voice: A Jolly Christmas from Frank Sinatra (1957 Plus Bonus Tracks),Jingle Bells,124000,false
2025-01-019,Bing Crosby With Ken Darby Singers & John Scott Trotter & His Orchestra,Bing: A Musical Autobiography,White Christmas (1947),203000,false
2025-01-020,Nat King Cole,Nat King Cole - Christmas songs,Deck The Halls,64000,false
2025-01-021,Elvis Presley,Blue Christmas,Blue Christmas,128000,false
2025-01-022,Eartha Kitt With Henri Rene And His Orchestra,Heavenly Eartha,Santa Baby,206000,false
2025-01-023,Gene Autry,The Essential Gene Autry,Here Comes Santa Claus (Right Down Santa Claus Lane),150000,false
2025-01-024,Shaboozey,A Bar Song (Tipsy),A Bar Song (Tipsy),171000,true
2025-01-025,The Beach Boys,Christmas With The Beach Boys,Little Saint Nick,120000,false
2025-01-026,Paul McCartney,McCartney II (Archive Edition),Wonderful Christmastime,227000,false
2025-01-027,Kendrick Lamar & SZA,GNX,Luther,178000,false
2025-01-028,Billie Eilish,HIT ME HARD AND SOFT,Birds Of A Feather,210000,false
2025-01-029,Eagles,Please Come Home for Christmas / Funky New Year (2013 Remaster),Please Come Home For Christmas,177000,false
2025-01-030,Gene Autry & The Pinafores,Rudolph The Red Nosed Reindeer And Other Christmas Classics,Rudolph The Red-Nosed Reindeer,187000,false
2025-01-031,Vince Guaraldi Trio,Tales from Christmas (A Musical Experience),Christmastime Is Here,363000,false
2025-01-032,Kendrick Lamar Featuring Lefty Gunplay,GNX,TV Off,221000,true
2025-01-033,Gracie Abrams,The Secret of Us (Deluxe),That's So True,166000,true
2025-01-034,ROSE & Bruno Mars,APT.,APT.,169000,false
2025-01-035,Donny Hathaway,A Donny Hathaway Collection,This Christmas,231000,false
2025-01-036,Dean Martin,A Winter Romance,Baby It's Cold Outside,140000,false
2025-01-037,Michael Buble,Witte Kerst,Holly Jolly Christmas,119000,false
2025-01-038,Ed Sheeran & Elton John,Merry Christmas,Merry Christmas,208000,false
2025-01-039,Jonas Brothers,Like It's Christmas,Like It's Christmas,201000,false
2025-01-040,Thurl Ravenscroft,How The Grinch Stole Christmas,"You're A Mean One, Mr. Grinch",176000,false
2025-01-041,Sabrina Carpenter,Short n' Sweet,Taste,157000,false
2025-01-042,Justin Bieber,Under The Mistletoe (Deluxe Edition),Mistletoe,182000,false
2025-01-043,Sia,Everyday Is Christmas (Deluxe Edition),Snowman,165000,false
2025-01-044,Kendrick Lamar,GNX,Squabble Up,158000,true
2025-01-045,SZA With Kendrick Lamar,SOS Deluxe: LANA,30 For 30,278000,true
2025-01-046,Sabrina Carpenter,Espresso,Espresso,175000,true
2025-01-047,Post Malone Featuring Morgan Wallen,I Had Some Help,I Had Some Help,178000,true
2025-01-048,Darlene Love,"The Christmas Music Anthology, Vol. 6",Winter Wonderland,145000,false
2025-01-049,Andy Williams,Christmas Album,Happy Holiday / The Holiday Season,156000,false
2025-01-050,Gwen Stefani Featuring Blake Shelton,You Make It Feel Like Christmas,You Make It Feel Like Christmas,156000,false
2025-01-051,The Weeknd & Playboi Carti,Hurry Up Tomorrow,Timeless,256000,true
2025-01-052,"Tyler, The Creator feat. GloRilla, Sexyy Red & Lil Wayne",CHROMAKOPIA,Sticky,255000,true
2025-01-053,Morgan Wallen,Love Somebody,Love Somebody,205000,false
2025-01-054,GloRilla & Sexyy Red,GLORIOUS,Whatchu Kno About Me,149000,true
2025-01-055,SZA,SOS Deluxe: LANA,BMF,181000,true
2025-01-056,Laufey,A Very Laufey Holiday,Christmas Magic,190000,false
2025-01-057,Koe Wetzel & Jessie Murph,High Road,High Road,178000,true
2025-01-058,Gigi Perez,Sailor Song,Sailor Song,211000,false
2025-01-059,SZA,SOS Deluxe: LANA,Drive,181000,true
2025-01-060,Sabrina Carpenter,Short n' Sweet,Bed Chem,171000,false
2025-01-061,Lola Young,Messy,Messy,284000,true
2025-01-062,SZA,SOS Deluxe: LANA,Diamond Boy (DTM),217000,true
2025-01-063,SZA,SOS Deluxe: LANA,Scorsese Baby Daddy,153000,true
2025-01-064,SZA,SOS Deluxe: LANA,What Do I Do,167000,true
2025-01-065,Tucker Wetmore,Wind Up Missin’ You,Wind Up Missin' You,166000,true
2025-01-066,"Tyler, The Creator Featuring Lola Young",CHROMAKOPIA,Like Him,278000,true
2025-01-067,Chappell Roan,The Rise and Fall of a Midwest Princess,Pink Pony Club,258000,false
2025-01-068,Oscar Maydon & Fuerza Regida,Tu Boda,Tu Boda,225000,true
2025-01-069,SZA,SOS Deluxe: LANA,No More Hiding,162000,true
2025-01-070,SZA,SOS Deluxe: LANA,Crybaby,242000,true
2025-01-071,SZA,SOS Deluxe: LANA,Kitchen,181000,true
2025-01-072,Zach Top,Cold Beer & Country Music,I Never Lie,224000,false
2025-01-073,SZA,SOS Deluxe: LANA,Another Life,205000,true
2025-01-074,The Marias,Submarine,No One Noticed,236000,false
2025-01-075,Cynthia Erivo Featuring Ariana Grande,Wicked: The Soundtrack,Defying Gravity,457000,false
2025-01-076,Tate McRae,It's ok I'm ok,It's Ok I'm Ok,157000,true
2025-01-077,Sam Barber Featuring Avery Anna,Restless Mind,Indigo,286000,false
2025-01-078,Mark Ambor,Run Rudolph Run - Spotify Singles Holiday,Run Rudolph Run,155000,false
2025-01-079,SZA,SOS Deluxe: LANA,Love Me 4 Me,181000,true
2025-01-080,SZA,SOS Deluxe: LANA,Chill Baby,140000,true
2025-01-081,SZA,SOS Deluxe: LANA,My Turn,181000,false
2025-01-082,Kendrick Lamar Featuring Dody6,GNX,Hey Now,217000,true
2025-01-083,Rauw Alejandro & Bad Bunny,Cosa Nuestra,Que Pasaria...,191000,true
2025-01-084,Jelly Roll,Beautifully Broken,Liar,205000,false
2025-01-085,Chris Brown,11:11 (Deluxe),Residuals,215000,false
2025-01-086,Real Boston Richey,Help Me,Help Me,181000,true
2025-01-087,Cody Johnson & Carrie Underwood,Leather Deluxe Edition,I'm Gonna Love You,188000,false
2025-01-088,Kesha,Holiday Road,Holiday Road,125000,false
2025-01-089,Laufey,A Very Laufey Holiday,Santa Baby,182000,false
2025-01-090,Kendrick Lamar,GNX,Wacced Out Murals,317000,true
2025-01-091,The Weeknd,Dancing In The Flames,Dancing In The Flames,220000,false
2025-01-092,Juice WRLD,The Party Never Ends 2.0,Empty Out Your Pockets,136000,true
2025-01-093,Summer Walker,Heart Of A Woman,Heart Of A Woman,171000,true
2025-01-094,Lainey Wilson,Whirlwind (Deluxe),4x4xU,239000,false
2025-01-095,Shaboozey,Good News,Good News,199000,false
2025-01-096,Tito Double P & Peso Pluma,INCÓMODO,Dos Dias,153000,true
2025-01-097,Rod Wave,Last Lap,25,180000,true
2025-01-098,Ariana Grande,Wicked: The Soundtrack,Popular,241000,false
2025-01-099,Chris Stapleton,Think I’m In Love With You,Think I'm In Love With You,223000,false
2025-01-100,Kendrick Lamar Featuring AzChike,GNX,Peekaboo,156000,true
2025-02-001,Lady Gaga & Bruno Mars,Die With A Smile,Die With A Smile,250000,false
2025-02-002,Bad Bunny,DeBÍ TiRAR MáS FOToS,DTMF,237000,true
2025-02-003,ROSE & Bruno Mars,APT.,APT.,169000,false
2025-02-004,Shaboozey,A Bar Song (Tipsy),A Bar Song (Tipsy),171000,true
2025-02-005,Kendrick Lamar & SZA,GNX,Luther,178000,false
2025-02-006,Billie Eilish,HIT ME HARD AND SOFT,Birds Of A Feather,210000,false
2025-02-007,Teddy Swims,I've Tried Everything But Therapy (Part 1),Lose Control,210000,false
2025-02-008,Gracie Abrams,The Secret of Us (Deluxe),That's So True,166000,true
2025-02-009,Bad Bunny,DeBÍ TiRAR MáS FOToS,Baile Inolvidable,367000,true
2025-02-010,Morgan Wallen,Love Somebody,Love Somebody,205000,false
2025-02-011,Sabrina Carpenter,Espresso,Espresso,175000,true
2025-02-012,Post Malone Featuring Morgan Wallen,I Had Some Help,I Had Some Help,178000,true
2025-02-013,Kendrick Lamar Featuring Lefty Gunplay,GNX,TV Off,221000,true
2025-02-014,Sabrina Carpenter,Short n' Sweet,Taste,157000,false
2025-02-015,Bad Bunny,DeBÍ TiRAR MáS FOToS,Nuevayol,183000,false
2025-02-016,Benson Boone,Fireworks & Rollerblades,Beautiful Things,180000,false
2025-02-017,The Weeknd & Playboi Carti,Hurry Up Tomorrow,Timeless,256000,true
2025-02-018,Morgan Wallen,Smile,Smile,224000,false
2025-02-019,"Tyler, The Creator Featuring GloRilla,  Sexyy Red & Lil Wayne",CHROMAKOPIA,Sticky,255000,true
2025-02-020,Hozier,Unheard,Too Sweet,251000,false
2025-02-021,Kendrick Lamar,GNX,Squabble Up,158000,true
2025-02-022,Myles Smith,Stargazing,Stargazing,172000,false
2025-02-023,SZA With Kendrick Lamar,SOS Deluxe: LANA,30 For 30,278000,true
2025-02-024,Lola Young,Messy,Messy,284000,true
2025-02-025,Jimin,MUSE,Who,170000,false
2025-02-026,Bad Bunny,DeBÍ TiRAR MáS FOToS,Voy A Llevarte Pa PR,156000,true
2025-02-027,Chappell Roan,"Good Luck, Babe!","Good Luck, Babe!",218000,false
2025-02-028,Koe Wetzel & Jessie Murph,High Road,High Road,178000,true
2025-02-029,Kendrick Lamar,Not Like Us,Not Like Us,274000,true
2025-02-030,Bad Bunny,DeBÍ TiRAR MáS FOToS,EOO,204000,true
2025-02-031,SZA,SOS Deluxe: LANA,BMF,181000,true
2025-02-032,GloRilla & Sexyy Red,GLORIOUS,Whatchu Kno About Me,149000,true
2025-02-033,Gigi Perez,Sailor Song,Sailor Song,211000,false
2025-02-034,"Bad Bunny, Dei V & Omar Courtz",DeBÍ TiRAR MáS FOToS,VeLDÁ,235000,true
2025-02-035,Sabrina Carpenter,Short n' Sweet,Bed Chem,171000,false
2025-02-036,Bad Bunny,DeBÍ TiRAR MáS FOToS,EL ClúB,222000,true
2025-02-037,The Marias,Submarine,No One Noticed,236000,false
2025-02-038,GELO,Tweaker,Tweaker,189000,true
2025-02-039,Bad Bunny & Chuwi,DeBÍ TiRAR MáS FOToS,Weltita,187000,false
2025-02-040,Jelly Roll,Beautifully Broken,I Am Not Okay,198000,false
2025-02-041,Jelly Roll,Beautifully Broken,Liar,205000,false
2025-02-042,Billie Eilish,HIT ME HARD AND SOFT,Wildflower,261000,false
2025-02-043,Neton Vega,Loco,Loco,186000,false
2025-02-044,Bad Bunny & RaiNao,DeBÍ TiRAR MáS FOToS,Perfumito Nuevo,200000,true
2025-02-045,Sabrina Carpenter,Please Please Please,Please Please Please,186000,true
2025-02-046,Chappell Roan,The Rise and Fall of a Midwest Princess,Pink Pony Club,258000,false
2025-02-047,Tucker Wetmore,Wind Up Missin’ You,Wind Up Missin' You,166000,true
2025-02-048,Zach Top,Cold Beer & Country Music,I Never Lie,224000,false
2025-02-049,Sam Barber Featuring Avery Anna,Restless Mind,Indigo,286000,false
2025-02-050,Bad Bunny,DeBÍ TiRAR MáS FOToS,Kloufrens,199000,true
2025-02-051,Cody Johnson & Carrie Underwood,Leather Deluxe Edition,I'm Gonna Love You,188000,false
2025-02-052,Lainey Wilson,Whirlwind (Deluxe),4x4xU,239000,false
2025-02-053,Bad Bunny,DeBÍ TiRAR MáS FOToS,Ketu Tecre,250000,true
2025-02-054,Tyler, The Creator Featuring Lola Young,CHROMAKOPIA,Like Him,278000,true
2025-02-055,Rauw Alejandro & Bad Bunny,Cosa Nuestra,Que Pasaria...,191000,true
2025-02-056,Doechii,Alligator Bites Never Heal,Denial Is A River,159000,true
2025-02-057,Teddy Swims,Bad Dreams,Bad Dreams,184000,false
2025-02-058,Bad Bunny & Los Pleneros de La Cresta,DeBÍ TiRAR MáS FOToS,Cafe Con Ron,228000,false
2025-02-059,Bad Bunny,DeBÍ TiRAR MáS FOToS,Bokete,215000,true
2025-02-060,Oscar Maydon & Fuerza Regida,Tu Boda,Tu Boda,225000,true
2025-02-061,Bad Bunny,DeBÍ TiRAR MáS FOToS,Turista,190000,false
2025-02-062,Shaboozey,Good News,Good News,199000,false
2025-02-063,Chris Stapleton,Think I’m In Love With You,Think I'm In Love With You,223000,false
2025-02-064,Jordan Davis,I Ain't Sayin',I Ain't Sayin',174000,false
2025-02-065,Bad Bunny,DeBÍ TiRAR MáS FOToS,Pitorro de Coco,206000,false
2025-02-066,Bad Bunny,DeBÍ TiRAR MáS FOToS,La Mudanza,213000,true
2025-02-067,Post Malone Featuring Luke Combs,F-1 Trillion,Guy For That,164000,false
2025-02-068,Don Toliver,Love Sick (Deluxe),No Pole,187000,true
2025-02-069,Future & Lil Baby & Young Thug,WHAM,"Dum, Dumb, and Dumber",227000,true
2025-02-070,Megan Moroney,Am I Okay?,Am I Okay?,235000,false
2025-02-071,Addison Rae,Diet Pepsi,Diet Pepsi,169000,false
2025-02-072,Summer Walker,Heart Of A Woman,Heart Of A Woman,171000,true
2025-02-073,Bad Bunny,DeBÍ TiRAR MáS FOToS,Lo Que Le Paso A Hawaii,229000,false
2025-02-074,Teddy Swims & GIVEON,I've Tried Everything But Therapy (Part 2),Are You Even Real,147000,false
2025-02-075,Real Boston Richey,Help Me,Help Me,181000,true
2025-02-076,Tito Double P,ROSONES,Rosones,177000,true
2025-02-077,Mac Miller,Balloonerism,Funny Papers,263000,true
2025-02-078,Tito Double P,NADIE,Nadie,197000,true
2025-02-079,Kendrick Lamar Featuring AzChike,GNX,Peekaboo,156000,true
2025-02-080,Cynthia Erivo Featuring Ariana Grande,Wicked: The Soundtrack,Defying Gravity,457000,false
2025-02-081,Tito Double P & Peso Pluma,INCÓMODO,Dos Dias,153000,true
2025-02-082,BigXthaPlug,The Largest,The Largest,132000,true
2025-02-083,Alex Warren,Burning Down (with Joe Jonas),Burning Down,179000,false
2025-02-084,CHRYSTAL,The Days (NOTION Remix),The Days,233000,false
2025-02-085,Mac Miller,Balloonerism,5 Dollar Pony Rides,222000,false
2025-02-086,Rauw Alejandro & Romeo Santos,Cosa Nuestra,Khe?,206000,false
2025-02-087,Tate McRae,It's ok I'm ok,It's Ok I'm Ok,157000,true
2025-02-088,Tyla,TYLA +,Push 2 Start,157000,false
2025-02-089,SZA,SOS Deluxe: LANA,Scorsese Baby Daddy,153000,true
2025-02-090,Kendrick Lamar Featuring Dody6,GNX,Hey Now,217000,true
2025-02-091,Dylan Marlowe & Dylan Scott,Boys Back Home,Boys Back Home,165000,false
2025-02-092,Central Cee Featuring 21 Savage,GBP,GBP,154000,true
2025-02-093,Alphaville & Ava Max & David Guetta,Forever Young,Forever Young,156000,false
2025-02-094,Ariana Grande,Wicked: The Soundtrack,Popular,241000,false
2025-02-095,Mac Miller Featuring SZA,Balloonerism,DJ's Chord Organ,315000,true
2025-02-096,Rod Wave,Last Lap,25,180000,true
2025-02-097,Mac Miller,Balloonerism,Stoned,243000,false
2025-02-098,Imogen Heap,Speak for Yourself,Headlock,215000,false
2025-02-099,Lil Baby Featuring Travis Scott,WHAM (Extended Version),Stuff,181000,true
2025-02-100,The Red Clay Strays,Moment of Truth,Wondering Why,232000,false
2025-03-001,Kendrick Lamar & SZA,GNX,Luther,178000,false
2025-03-002,Kendrick Lamar,Not Like Us,Not Like Us,274000,true
2025-03-003,Lady Gaga & Bruno Mars,Die With A Smile,Die With A Smile,250000,false
2025-03-004,Kendrick Lamar Featuring Lefty Gunplay,GNX,TV Off,221000,true
2025-03-005,Kendrick Lamar,GNX,Squabble Up,158000,true
2025-03-006,Drake,$ome $exy $ongs 4 U,Gimme A Hug,193000,true
2025-03-007,ROSE & Bruno Mars,APT.,APT.,169000,false
2025-03-008,Billie Eilish,HIT ME HARD AND SOFT,Birds Of A Feather,210000,false
2025-03-009,Shaboozey,A Bar Song (Tipsy),A Bar Song (Tipsy),171000,true
2025-03-010,Drake,$ome $exy $ongs 4 U,Nokia,241000,true
2025-03-011,Chappell Roan,The Rise and Fall of a Midwest Princess,Pink Pony Club,258000,false
2025-03-012,Teddy Swims,I've Tried Everything But Therapy (Part 1),Lose Control,210000,false
2025-03-013,Benson Boone,Fireworks & Rollerblades,Beautiful Things,180000,false
2025-03-014,SZA With Kendrick Lamar,SOS Deluxe: LANA,30 For 30,278000,true
2025-03-015,Kendrick Lamar & SZA,All The Stars,All The Stars,235000,true
2025-03-016,Gracie Abrams,The Secret of Us (Deluxe),That's So True,166000,true
2025-03-017,Sabrina Carpenter,Espresso,Espresso,175000,true
2025-03-018,PARTYNEXTDOOR & Drake,$ome $exy $ongs 4 U,CN Tower,242000,true
2025-03-019,Morgan Wallen,Love Somebody,Love Somebody,205000,false
2025-03-020,Post Malone Featuring Morgan Wallen,I Had Some Help,I Had Some Help,178000,true
2025-03-021,PARTYNEXTDOOR & Drake & Yebba,$ome $exy $ongs 4 U,DIE TRYING,195000,true
2025-03-022,Sabrina Carpenter,Short n' Sweet,Taste,157000,false
2025-03-023,Morgan Wallen,I'm The Problem,I'm The Problem,177000,false
2025-03-024,The Weeknd & Playboi Carti,Hurry Up Tomorrow,Timeless,256000,true
2025-03-025,Sabrina Carpenter,Please Please Please,Please Please Please,186000,true
2025-03-026,PARTYNEXTDOOR & Drake,$ome $exy $ongs 4 U,Something About You,219000,true
2025-03-027,Sabrina Carpenter,Short n' Sweet (Deluxe),Busy Woman,186000,true
2025-03-028,Lola Young,Messy,Messy,284000,true
2025-03-029,PARTYNEXTDOOR & Drake,$ome $exy $ongs 4 U,Moth Balls,213000,true
2025-03-030,PARTYNEXTDOOR & Drake,$ome $exy $ongs 4 U,Somebody Loves Me,183000,true
2025-03-031,PARTYNEXTDOOR,$ome $exy $ongs 4 U,Deeper,172000,true
2025-03-032,Doechii,Alligator Bites Never Heal,Denial Is A River,159000,true
2025-03-033,Lady Gaga,Abracadabra,Abracadabra,223000,false
2025-03-034,Hozier,Unheard,Too Sweet,251000,false
2025-03-035,PARTYNEXTDOOR & Drake,$ome $exy $ongs 4 U,Spider-Man Superman,204000,true
2025-03-036,Chappell Roan,"Good Luck, Babe!","Good Luck, Babe!",218000,false
2025-03-037,Drake,$ome $exy $ongs 4 U,Crying In Chanel,200000,true
2025-03-038,Kendrick Lamar Featuring AzChike,GNX,Peekaboo,156000,true
2025-03-039,Sabrina Carpenter,Short n' Sweet,Bed Chem,171000,false
2025-03-040,Drake,$ome $exy $ongs 4 U,Small Town Fame,149000,true
2025-03-041,Myles Smith,Stargazing,Stargazing,172000,false
2025-03-042,Bad Bunny,DeBÍ TiRAR MáS FOToS,DTMF,237000,true
2025-03-043,Drake,$ome $exy $ongs 4 U,Raining In Houston,245000,true
2025-03-044,Jimin,MUSE,Who,170000,false
2025-03-045,Pimmie &  PARTYNEXTDOOR & Drake,$ome $exy $ongs 4 U,PIMMIE'S DILEMMA,118000,false
2025-03-046,Koe Wetzel & Jessie Murph,High Road,High Road,178000,true
2025-03-047,Drake,$ome $exy $ongs 4 U,Brian Steel,111000,true
2025-03-048,Billie Eilish,HIT ME HARD AND SOFT,Wildflower,261000,false
2025-03-049,SZA,SOS Deluxe: LANA,BMF,181000,true
2025-03-050,Bad Bunny,DeBÍ TiRAR MáS FOToS,Baile Inolvidable,367000,true
2025-03-051,Jelly Roll,Beautifully Broken,Liar,205000,false
2025-03-052,"Tyler, The Creator feat. GloRilla, Sexyy Red & Lil Wayne",CHROMAKOPIA,Sticky,255000,true
2025-03-053,Gigi Perez,Sailor Song,Sailor Song,211000,false
2025-03-054,The Weeknd,Hurry Up Tomorrow,Cry For Me,224000,true
2025-03-055,The Marias,Submarine,No One Noticed,236000,false
2025-03-056,GloRilla & Sexyy Red,GLORIOUS,Whatchu Kno About Me,149000,true
2025-03-057,Tate McRae,Sports car,Sports Car,165000,false
2025-03-058,Morgan Wallen,Smile,Smile,224000,false
2025-03-059,GELO,Tweaker,Tweaker,189000,true
2025-03-060,PARTYNEXTDOOR & Drake,$ome $exy $ongs 4 U,Lasers,199000,true
2025-03-061,Zach Top,Cold Beer & Country Music,I Never Lie,224000,false
2025-03-062,Cody Johnson & Carrie Underwood,Leather Deluxe Edition,I'm Gonna Love You,188000,false
2025-03-063,PARTYNEXTDOOR & Drake & Chino Pacas,$ome $exy $ongs 4 U,Meet Your Padre,271000,false
2025-03-064,Chris Brown,11:11 (Deluxe),Residuals,215000,false
2025-03-065,Sam Barber Featuring Avery Anna,Restless Mind,Indigo,286000,false
2025-03-066,PARTYNEXTDOOR & Drake,$ome $exy $ongs 4 U,Celibacy,236000,true
2025-03-067,Sabrina Carpenter,Short n' Sweet (Deluxe),15 Minutes,191000,true
2025-03-068,Lainey Wilson,Whirlwind (Deluxe),4x4xU,239000,false
2025-03-069,Teddy Swims,Bad Dreams,Bad Dreams,184000,false
2025-03-070,PARTYNEXTDOOR & Drake,$ome $exy $ongs 4 U,Greedy,386000,false
2025-03-071,Sexyy Red & Bruno Mars,Fat Juicy & Wet,Fat Juicy & Wet,141000,true
2025-03-072,Bad Bunny,DeBÍ TiRAR MáS FOToS,Nuevayol,183000,false
2025-03-073,PARTYNEXTDOOR & Drake,$ome $exy $ongs 4 U,When He's Gone,210000,true
2025-03-074,PARTYNEXTDOOR & Drake,$ome $exy $ongs 4 U,OMW,233000,true
2025-03-075,Shaboozey,Good News,Good News,199000,false
2025-03-076,"Tyler, The Creator Featuring Lola Young",CHROMAKOPIA,Like Him,278000,true
2025-03-077,Neton Vega,Loco,Loco,186000,false
2025-03-078,Riley Green,Worst Way,Worst Way,220000,false
2025-03-079,Jordan Davis,I Ain't Sayin',I Ain't Sayin',174000,false
2025-03-080,Alex Warren,Ordinary,Ordinary,186000,false
2025-03-081,Kendrick Lamar Featuring Dody6,GNX,Hey Now,217000,true
2025-03-082,Post Malone Featuring Luke Combs,F-1 Trillion,Guy For That,164000,false
2025-03-083,PARTYNEXTDOOR & Drake,$ome $exy $ongs 4 U,Glorious,205000,true
2025-03-084,Sabrina Carpenter,Short n' Sweet (Deluxe),Couldn't Make It Any Harder,179000,true
2025-03-085,Fuerza Regida,Por Esos Ojos,Por Esos Ojos,188000,true
2025-03-086,Bad Bunny,DeBÍ TiRAR MáS FOToS,Voy A Llevarte Pa PR,156000,true
2025-03-087,Sabrina Carpenter,Short n' Sweet (Deluxe),Bad Reviews,141000,false
2025-03-088,Megan Moroney,Am I Okay?,Am I Okay?,235000,false
2025-03-089,Summer Walker,Heart Of A Woman,Heart Of A Woman,171000,true
2025-03-090,Giveon,BELOVED,Twenties,171000,false
2025-03-091,Bad Bunny,DeBÍ TiRAR MáS FOToS,EOO,204000,true
2025-03-092,Tyla,TYLA +,Push 2 Start,157000,false
2025-03-093,Rauw Alejandro & Bad Bunny,Cosa Nuestra,Que Pasaria...,191000,true
2025-03-094,BigXthaPlug,The Largest,The Largest,132000,true
2025-03-095,Oscar Maydon & Fuerza Regida,Tu Boda,Tu Boda,225000,true
2025-03-096,Travis Scott,4X4,4X4,191000,true
2025-03-097,Leon Thomas,MUTT,Mutt,193000,true
2025-03-098,Don Toliver,Love Sick (Deluxe),No Pole,187000,true
2025-03-099,"Bad Bunny, Dei V & Omar Courtz",DeBÍ TiRAR MáS FOToS,VeLDÁ,235000,true
2025-03-100,Sabrina Carpenter,Short n' Sweet,Juno,223000,true
2025-04-001,Kendrick Lamar & SZA,GNX,Luther,178000,false
2025-04-002,Lady Gaga & Bruno Mars,Die With A Smile,Die With A Smile,250000,false
2025-04-003,Shaboozey,A Bar Song (Tipsy),A Bar Song (Tipsy),171000,true
2025-04-004,Morgan Wallen,Just In Case,Just In Case,166000,false
2025-04-005,Chappell Roan,The Rise and Fall of a Midwest Princess,Pink Pony Club,258000,false
2025-04-006,Teddy Swims,I've Tried Everything But Therapy (Part 1),Lose Control,210000,false
2025-04-007,Drake,$ome $exy $ongs 4 U,Nokia,241000,true
2025-04-008,Benson Boone,Fireworks & Rollerblades,Beautiful Things,180000,false
2025-04-009,Kendrick Lamar,Not Like Us,Not Like Us,274000,true
2025-04-010,ROSE & Bruno Mars,APT.,APT.,169000,false
2025-04-011,Morgan Wallen,I'm The Problem,I'm The Problem,177000,false
2025-04-012,Billie Eilish,HIT ME HARD AND SOFT,Birds Of A Feather,210000,false
2025-04-013,Gracie Abrams,The Secret of Us (Deluxe),That's So True,166000,true
2025-04-014,Doechii,Anxiety,Anxiety,249000,true
2025-04-015,Kendrick Lamar Featuring Lefty Gunplay,GNX,TV Off,221000,true
2025-04-016,Morgan Wallen,Love Somebody,Love Somebody,205000,false
2025-04-017,Morgan Wallen,I'm A Little Crazy,I'm A Little Crazy,199000,false
2025-04-018,Sabrina Carpenter,Espresso,Espresso,175000,true
2025-04-019,Post Malone Featuring Morgan Wallen,I Had Some Help,I Had Some Help,178000,true
2025-04-020,Alex Warren,Ordinary,Ordinary,186000,false
2025-04-021,The Weeknd & Playboi Carti,Hurry Up Tomorrow,Timeless,256000,true
2025-04-022,Kendrick Lamar,GNX,Squabble Up,158000,true
2025-04-023,Lola Young,Messy,Messy,284000,true
2025-04-024,SZA With Kendrick Lamar,SOS Deluxe: LANA,30 For 30,278000,true
2025-04-025,Playboi Carti & The Weeknd,MUSIC,Rather Lie,209000,true
2025-04-026,Tate McRae,Sports car,Sports Car,165000,false
2025-04-027,Playboi Carti,MUSIC,Evil J0rdan,183000,true
2025-04-028,Leon Thomas,MUTT,Mutt,193000,true
2025-04-029,Chappell Roan,The Giver,The Giver,203000,false
2025-04-030,Hozier,Unheard,Too Sweet,251000,false
2025-04-031,Sabrina Carpenter,Short n' Sweet,Taste,157000,false
2025-04-032,Lil Tecca,Dark Thoughts,Dark Thoughts,136000,true
2025-04-033,Doechii,Alligator Bites Never Heal,Denial Is A River,159000,true
2025-04-034,Myles Smith,Stargazing,Stargazing,172000,false
2025-04-035,Sabrina Carpenter,Short n' Sweet,Bed Chem,171000,false
2025-04-036,Zach Top,Cold Beer & Country Music,I Never Lie,224000,false
2025-04-037,Chappell Roan,"Good Luck, Babe!","Good Luck, Babe!",218000,false
2025-04-038,Lady Gaga,Abracadabra,Abracadabra,223000,false
2025-04-039,Gigi Perez,Sailor Song,Sailor Song,211000,false
2025-04-040,The Marias,Submarine,No One Noticed,236000,false
2025-04-041,Bad Bunny,DeBÍ TiRAR MáS FOToS,DTMF,237000,true
2025-04-042,Teddy Swims,Bad Dreams,Bad Dreams,184000,false
2025-04-043,Morgan Wallen,Smile,Smile,224000,false
2025-04-044,Benson Boone,Sorry I'm Here For Someone Else,Sorry I'm Here For Someone Else,156000,false
2025-04-045,SZA,SOS Deluxe: LANA,BMF,181000,true
2025-04-046,Benny Blanco & Gracie Abrams & Selena Gomez,I Said I Love You First,Call Me When You Break Up,127000,false
2025-04-047,Sam Barber Featuring Avery Anna,Restless Mind,Indigo,286000,false
2025-04-048,Shaboozey,Good News,Good News,199000,false
2025-04-049,Cody Johnson & Carrie Underwood,Leather Deluxe Edition,I'm Gonna Love You,188000,false
2025-04-050,Billie Eilish,HIT ME HARD AND SOFT,Wildflower,261000,false
2025-04-051,Chris Brown,11:11 (Deluxe),Residuals,215000,false
2025-04-052,Riley Green,Worst Way,Worst Way,220000,false
2025-04-053,Bad Bunny,DeBÍ TiRAR MáS FOToS,Baile Inolvidable,367000,true
2025-04-054,Fuerza Regida & Grupo Frontera,MALA MÍA,Me Jalo,212000,true
2025-04-055,The Weeknd,Hurry Up Tomorrow,Cry For Me,224000,true
2025-04-056,Tate McRae,So Close To What,Revolving Door,180000,true
2025-04-057,Jack Harlow & Doja Cat,Just Us (feat. Doja Cat),Just Us,172000,true
2025-04-058,Drake,$ome $exy $ongs 4 U,Gimme A Hug,193000,true
2025-04-059,Benny Blanco & Selena Gomez & The Marías,I Said I Love You First,Ojos Tristes,201000,false
2025-04-060,Playboi Carti & Kendrick Lamar,MUSIC,Good Credit,190000,true
2025-04-061,PARTYNEXTDOOR & Drake & Yebba,$ome $exy $ongs 4 U,DIE TRYING,195000,true
2025-04-062,Kendrick Lamar Featuring AzChike,GNX,Peekaboo,156000,true
2025-04-063,PARTYNEXTDOOR & Drake,$ome $exy $ongs 4 U,Somebody Loves Me,183000,true
2025-04-064,Neton Vega,Loco,Loco,186000,false
2025-04-065,j-hope,MONA LISA,Mona Lisa,137000,false
2025-04-066,Megan Moroney,Am I Okay?,Am I Okay?,235000,false
2025-04-067,Bad Bunny,DeBÍ TiRAR MáS FOToS,EOO,204000,true
2025-04-068,Sabrina Carpenter,Short n' Sweet (Deluxe),Busy Woman,186000,true
2025-04-069,Aleman,Te Quería Ver,Te Queria Ver,176000,false
2025-04-070,Dylan Scott,This Town's Been Too Good To Us,This Town's Been Too Good To Us,191000,false
2025-04-071,Selena Gomez & benny blanco,I Said I Love You First,How Does It Feel To Be Forgotten,161000,true
2025-04-072,GELO,Tweaker,Tweaker,189000,true
2025-04-073,Summer Walker,Heart Of A Woman,Heart Of A Woman,171000,true
2025-04-074,"Tyler, The Creator Featuring Lola Young",CHROMAKOPIA,Like Him,278000,true
2025-04-075,Brandon Lake,Hard Fought Hallelujah,Hard Fought Hallelujah,316000,false
2025-04-076,Playboi Carti Featuring Kendrick Lamar & Jhene Aiko,MUSIC,Backd00r,189000,true
2025-04-077,Playboi Carti & Travis Scott,MUSIC,Crush,173000,true
2025-04-078,Bad Bunny,DeBÍ TiRAR MáS FOToS,Nuevayol,183000,false
2025-04-079,Ella Langley,weren't for the wind,Weren't For The Wind,193000,false
2025-04-080,Thomas Rhett Featuring Teddy Swims,About A Woman,Somethin' 'Bout A Woman,210000,false
2025-04-081,Don Toliver,Love Sick (Deluxe),No Pole,187000,true
2025-04-082,Tito Double P,TATTOO,Tattoo,167000,true
2025-04-083,Alex Warren,Burning Down (with Joe Jonas),Burning Down,179000,false
2025-04-084,Sleep Token,Emergence,Emergence,386000,false
2025-04-085,Jordan Davis,I Ain't Sayin',I Ain't Sayin',174000,false
2025-04-086,Blake Shelton,Texas,Texas,170000,false
2025-04-087,Playboi Carti,MUSIC,Like Weezy,115000,true
2025-04-088,Teddy Swims & GIVEON,I've Tried Everything But Therapy (Part 2),Are You Even Real,147000,false
2025-04-089,Lainey Wilson,Whirlwind (Deluxe),4x4xU,239000,false
2025-04-090,Ella Mai,3 (EP),Little Things,174000,false
2025-04-091,Playboi Carti & Skepta,MUSIC,Toxic,135000,true
2025-04-092,John Morgan Featuring Jason Aldean,Friends Like That,Friends Like That,186000,false
2025-04-093,Bailey Zimmerman,Holy Smokes,Holy Smokes,195000,false
2025-04-094,Playboi Carti & Travis Scott,MUSIC,Philly,185000,true
2025-04-095,Imogen Heap,Speak for Yourself,Headlock,215000,false
2025-04-096,Tyla,TYLA +,Push 2 Start,157000,false
2025-04-097,Selena Gomez & benny blanco,I Said I Love You First,Sunset Blvd,168000,false
2025-04-098,Playboi Carti,MUSIC,Fine Shit,106000,true
2025-04-099,Rauw Alejandro & Bad Bunny,Cosa Nuestra,Que Pasaria...,191000,true
2025-04-100,Bad Bunny,DeBÍ TiRAR MáS FOToS,Voy A Llevarte Pa PR,156000,true
2025-05-001,Kendrick Lamar & SZA,GNX,Luther,178000,false
2025-05-002,Lady Gaga & Bruno Mars,Die With A Smile,Die With A Smile,250000,false
2025-05-003,Alex Warren,Ordinary,Ordinary,186000,false
2025-05-004,Drake,$ome $exy $ongs 4 U,Nokia,241000,true
2025-05-005,Shaboozey,A Bar Song (Tipsy),A Bar Song (Tipsy),171000,true
2025-05-006,Chappell Roan,The Rise and Fall of a Midwest Princess,Pink Pony Club,258000,false
2025-05-007,Morgan Wallen,I'm The Problem,I'm The Problem,177000,false
2025-05-008,Morgan Wallen & Post Malone,I Ain't Comin' Back,I Ain't Coming Back,175000,false
2025-05-009,Teddy Swims,I've Tried Everything But Therapy (Part 1),Lose Control,210000,false
2025-05-010,Benson Boone,Fireworks & Rollerblades,Beautiful Things,180000,false
2025-05-011,BigXthaPlug Featuring Bailey Zimmerman,All The Way (feat. Bailey Zimmerman),All The Way,165000,true
2025-05-012,Doechii,Anxiety,Anxiety,249000,true
2025-05-013,Billie Eilish,HIT ME HARD AND SOFT,Birds Of A Feather,210000,false
2025-05-014,Morgan Wallen,Just In Case,Just In Case,166000,false
2025-05-015,Post Malone Featuring Morgan Wallen,I Had Some Help,I Had Some Help,178000,true
2025-05-016,ROSE & Bruno Mars,APT.,APT.,169000,false
2025-05-017,Morgan Wallen,Love Somebody,Love Somebody,205000,false
2025-05-018,Leon Thomas,MUTT,Mutt,193000,true
2025-05-019,Sabrina Carpenter,Espresso,Espresso,175000,true
2025-05-020,Gracie Abrams,The Secret of Us (Deluxe),That's So True,166000,true
2025-05-021,Kendrick Lamar,Not Like Us,Not Like Us,274000,true
2025-05-022,Lola Young,Messy,Messy,284000,true
2025-05-023,Kendrick Lamar Featuring Lefty Gunplay,GNX,TV Off,221000,true
2025-05-024,SZA With Kendrick Lamar,SOS Deluxe: LANA,30 For 30,278000,true
2025-05-025,Tate McRae,Sports car,Sports Car,165000,false
2025-05-026,Lady Gaga,Abracadabra,Abracadabra,223000,false
2025-05-027,Kendrick Lamar,GNX,Squabble Up,158000,true
2025-05-028,Myles Smith,Stargazing,Stargazing,172000,false
2025-05-029,The Marias,Submarine,No One Noticed,236000,false
2025-05-030,Teddy Swims,Bad Dreams,Bad Dreams,184000,false
2025-05-031,Zach Top,Cold Beer & Country Music,I Never Lie,224000,false
2025-05-032,The Weeknd & Playboi Carti,Hurry Up Tomorrow,Timeless,256000,true
2025-05-033,Sabrina Carpenter,Short n' Sweet,Taste,157000,false
2025-05-034,Benson Boone,Sorry I'm Here For Someone Else,Sorry I'm Here For Someone Else,156000,false
2025-05-035,Jessie Murph,Blue Strips,Blue Strips,147000,false
2025-05-036,Riley Green,Worst Way,Worst Way,220000,false
2025-05-037,Shaboozey,Good News,Good News,199000,false
2025-05-038,Gigi Perez,Sailor Song,Sailor Song,211000,false
2025-05-039,Ella Langley,weren't for the wind,Weren't For The Wind,193000,false
2025-05-040,Brandon Lake,Hard Fought Hallelujah,Hard Fought Hallelujah,316000,false
2025-05-041,Morgan Wallen,I'm A Little Crazy,I'm A Little Crazy,199000,false
2025-05-042,Ed Sheeran,Azizam,Azizam,162000,false
2025-05-043,Billie Eilish,HIT ME HARD AND SOFT,Wildflower,261000,false
2025-05-044,The Weeknd,Hurry Up Tomorrow,Cry For Me,224000,true
2025-05-045,Lil Tecca,Dark Thoughts,Dark Thoughts,136000,true
2025-05-046,Chris Brown,11:11 (Deluxe),Residuals,215000,false
2025-05-047,Doechii,Alligator Bites Never Heal,Denial Is A River,159000,true
2025-05-048,Bad Bunny,DeBÍ TiRAR MáS FOToS,DTMF,237000,true
2025-05-049,Sam Barber Featuring Avery Anna,Restless Mind,Indigo,286000,false
2025-05-050,Megan Moroney,Am I Okay?,Am I Okay?,235000,false
2025-05-051,sombr,back to friends,Back To Friends,199000,false
2025-05-052,Fuerza Regida & Grupo Frontera,MALA MÍA,Me Jalo,212000,true
2025-05-053,Ravyn Lenae,Love Me Not / Love Is Blind,Love Me Not,213000,false
2025-05-054,Morgan Wallen,Smile,Smile,224000,false
2025-05-055,Ariana Grande,eternal sunshine deluxe: brighter days ahead,Twilight Zone,198000,false
2025-05-056,PARTYNEXTDOOR & Drake,$ome $exy $ongs 4 U,Somebody Loves Me,183000,true
2025-05-057,sombr,undressed,Undressed,182000,false
2025-05-058,Tate McRae,So Close To What,Revolving Door,180000,true
2025-05-059,Bad Bunny,DeBÍ TiRAR MáS FOToS,Baile Inolvidable,367000,true
2025-05-060,Playboi Carti & The Weeknd,MUSIC,Rather Lie,209000,true
2025-05-061,Chappell Roan,The Giver,The Giver,203000,false
2025-05-062,Kendrick Lamar Featuring AzChike,GNX,Peekaboo,156000,true
2025-05-063,SZA,SOS Deluxe: LANA,BMF,181000,true
2025-05-064,Nate Smith,Fix What You Didn't Break,Fix What You Didn't Break,201000,false
2025-05-065,Bailey Zimmerman,Holy Smokes,Holy Smokes,195000,false
2025-05-066,Thomas Rhett Featuring Teddy Swims,About A Woman,Somethin' 'Bout A Woman,210000,false
2025-05-067,Aleman,Te Quería Ver,Te Queria Ver,176000,false
2025-05-068,John Morgan Featuring Jason Aldean,Friends Like That,Friends Like That,186000,false
2025-05-069,Neton Vega,Loco,Loco,186000,false
2025-05-070,Blake Shelton,Texas,Texas,170000,false
2025-05-071,Russell Dickerson,Happen To Me (feat. Jonas Brothers),Happen To Me,183000,false
2025-05-072,Forrest Frank,YOUR WAY'S BETTER,Your Way's Better,198000,false
2025-05-073,Kane Brown,Backseat Driver,Backseat Driver,228000,false
2025-05-074,Sabrina Carpenter,Short n' Sweet (Deluxe),Busy Woman,186000,true
2025-05-075,Teddy Swims & GIVEON,I've Tried Everything But Therapy (Part 2),Are You Even Real,147000,false
2025-05-076,Benny Blanco & Selena Gomez & The Marías,I Said I Love You First,Ojos Tristes,201000,false
2025-05-077,Bad Bunny,DeBÍ TiRAR MáS FOToS,EOO,204000,true
2025-05-078,Jack Black,A Minecraft Movie (Original Motion Picture Soundtrack),Steve's Lava Chicken,34000,false
2025-05-079,BigXthaPlug,The Largest,The Largest,132000,true
2025-05-080,Don Toliver,Love Sick (Deluxe),No Pole,187000,true
2025-05-081,d4vd,Feel It (From “Invincible”),Feel It,158000,false
2025-05-082,PARTYNEXTDOOR & Drake & Yebba,$ome $exy $ongs 4 U,DIE TRYING,195000,true
2025-05-083,"Tyler, The Creator Featuring Lola Young",CHROMAKOPIA,Like Him,278000,true
2025-05-084,Neton Vega & Peso Pluma,Mi Vida Mi Muerte,Morena,193000,false
2025-05-085,Kane Brown,,Haunted,,
2025-05-086,Drake,$ome $exy $ongs 4 U,Gimme A Hug,193000,true
2025-05-087,Addison Rae,Headphones On,Headphones On,240000,false
2025-05-088,Miley Cyrus,End of the World,End Of The World,250000,false
2025-05-089,Jason Aldean,Whiskey Drink,Whiskey Drink,190000,false
2025-05-090,Benny Blanco & Gracie Abrams & Selena Gomez,I Said I Love You First,Call Me When You Break Up,127000,false
2025-05-091,Cole Swindell,Forever To Me,Forever To Me,179000,false
2025-05-092,PLUTO & YKNIECE,WHIM WHAMIEE,Whim Whamiee,142000,false
2025-05-093,Malcolm Todd,Chest Pain (I Love),Chest Pain (I Love),202000,false
2025-05-094,Bad Bunny,DeBÍ TiRAR MáS FOToS,Nuevayol,183000,false
2025-05-095,Charli xcx,how i'm feeling now,Party 4 U,296000,false
2025-05-096,Tommy Richman,ACTIN UP,Actin Up,134000,true
2025-05-097,Tito Double P,TATTOO,Tattoo,167000,true
2025-05-098,Hudson Westbrook,Hudson Westbrook,House Again,202000,false
2025-05-099,JENNIE,Ruby,like JENNIE,123000,true
2025-05-100,Sleep Token,Even In Arcadia,Caramel,290000,false
2025-06-001,Alex Warren,Ordinary,Ordinary,186000,false
2025-06-002,Morgan Wallen Featuring Tate McRae,I’m The Problem,What I Want,184000,false
2025-06-003,Morgan Wallen,Just In Case,Just In Case,166000,false
2025-06-004,Morgan Wallen,I'm The Problem,I'm The Problem,177000,false
2025-06-005,Kendrick Lamar & SZA,GNX,Luther,178000,false
2025-06-006,Shaboozey,A Bar Song (Tipsy),A Bar Song (Tipsy),171000,true
2025-06-007,Lady Gaga & Bruno Mars,Die With A Smile,Die With A Smile,250000,false
2025-06-008,Teddy Swims,I've Tried Everything But Therapy (Part 1),Lose Control,210000,false
2025-06-009,Drake,$ome $exy $ongs 4 U,Nokia,241000,true
2025-06-010,Benson Boone,Fireworks & Rollerblades,Beautiful Things,180000,false
2025-06-011,Doechii,Anxiety,Anxiety,249000,true
2025-06-012,Chappell Roan,The Rise and Fall of a Midwest Princess,Pink Pony Club,258000,false
2025-06-013,Billie Eilish,HIT ME HARD AND SOFT,Birds Of A Feather,210000,false
2025-06-014,Morgan Wallen,Love Somebody,Love Somebody,205000,false
2025-06-015,Morgan Wallen,I’m The Problem,I Got Better,205000,false
2025-06-016,Post Malone Featuring Morgan Wallen,I Had Some Help,I Had Some Help,178000,true
2025-06-017,Morgan Wallen Featuring Post Malone,I Ain't Comin' Back,I Ain't Coming Back,175000,false
2025-06-018,Leon Thomas,MUTT,Mutt,193000,true
2025-06-019,BigXthaPlug Featuring Bailey Zimmerman,All The Way (feat. Bailey Zimmerman),All The Way,165000,true
2025-06-020,Morgan Wallen,I’m The Problem,Superman,188000,false
2025-06-021,Sabrina Carpenter,Espresso,Espresso,175000,true
2025-06-022,ROSE & Bruno Mars,APT.,APT.,169000,false
2025-06-023,Morgan Wallen,I’m The Problem,20 Cigarettes,160000,false
2025-06-024,Jessie Murph,Blue Strips,Blue Strips,147000,false
2025-06-025,Tate McRae,Sports car,Sports Car,165000,false
2025-06-026,Riley Green,Worst Way,Worst Way,220000,false
2025-06-027,Lola Young,Messy,Messy,284000,true
2025-06-028,The Weeknd & Playboi Carti,Hurry Up Tomorrow,Timeless,256000,true
2025-06-029,sombr,undressed,Undressed,182000,false
2025-06-030,Benson Boone,Sorry I'm Here For Someone Else,Sorry I'm Here For Someone Else,156000,false
2025-06-031,SZA With Kendrick Lamar,SOS Deluxe: LANA,30 For 30,278000,true
2025-06-032,Alex Warren With Jelly Roll,Bloodline,Bloodline,182000,false
2025-06-033,Gracie Abrams,The Secret of Us (Deluxe),That's So True,166000,true
2025-06-034,Ella Langley,weren't for the wind,Weren't For The Wind,193000,false
2025-06-035,Mariah The Scientist,Burning Blue,Burning Blue,205000,false
2025-06-036,sombr,back to friends,Back To Friends,199000,false
2025-06-037,Ravyn Lenae,Love Me Not / Love Is Blind,Love Me Not,213000,false
2025-06-038,Kendrick Lamar Featuring Lefty Gunplay,GNX,TV Off,221000,true
2025-06-039,The Marias,Submarine,No One Noticed,236000,false
2025-06-040,Megan Moroney,Am I Okay?,Am I Okay?,235000,false
2025-06-041,Lady Gaga,Abracadabra,Abracadabra,223000,false
2025-06-042,Benson Boone,Mystical Magical,Mystical Magical,165000,false
2025-06-043,Kendrick Lamar,GNX,Squabble Up,158000,true
2025-06-044,Billie Eilish,HIT ME HARD AND SOFT,Wildflower,261000,false
2025-06-045,Morgan Wallen,I’m The Problem,Eyes Are Closed,197000,true
2025-06-046,Shaboozey,Good News,Good News,199000,false
2025-06-047,The Weeknd,Hurry Up Tomorrow,Cry For Me,224000,true
2025-06-048,Morgan Wallen,I’m The Problem,TN,185000,false
2025-06-049,Morgan Wallen,I’m The Problem,Dark Til Daylight,235000,false
2025-06-050,Morgan Wallen,I’m The Problem,Kick Myself,159000,false
2025-06-051,Morgan Wallen,I'm A Little Crazy,I'm A Little Crazy,199000,false
2025-06-052,Bailey Zimmerman & Luke Combs,Backup Plan,Backup Plan,181000,false
2025-06-053,Morgan Wallen,I’m The Problem,Where'd That Girl Go,151000,false
2025-06-054,Morgan Wallen,I’m The Problem,"Skoal, Chevy, And Browning",222000,true
2025-06-055,Morgan Wallen,I’m The Problem,Falling Apart,198000,false
2025-06-056,Lil Tecca,Dark Thoughts,Dark Thoughts,136000,true
2025-06-057,Morgan Wallen,I’m The Problem,Kiss Her In Front Of You,178000,false
2025-06-058,Morgan Wallen,I’m The Problem,If You Were Mine,167000,true
2025-06-059,Russell Dickerson,Happen To Me (feat. Jonas Brothers),Happen To Me,183000,false
2025-06-060,Charli xcx,how i'm feeling now,Party 4 U,296000,false
2025-06-061,Ed Sheeran,Azizam,Azizam,162000,false
2025-06-062,mgk,lost americana,Cliche,176000,false
2025-06-063,PARTYNEXTDOOR & Drake,$ome $exy $ongs 4 U,Somebody Loves Me,183000,true
2025-06-064,Thomas Rhett,After All The Bars Are Closed,After All The Bars Are Closed,191000,false
2025-06-065,MOLIY & Silent Addy & Skillibeng & Shenseea,Shake It To The Max (FLY) [Remix],Shake It To The Max (Fly),178000,true
2025-06-066,Sam Barber Featuring Avery Anna,Restless Mind,Indigo,286000,false
2025-06-067,Morgan Wallen,I’m The Problem,Missing,182000,false
2025-06-068,Morgan Wallen,I’m The Problem,Don't We,191000,false
2025-06-069,Forrest Frank,YOUR WAY'S BETTER,Your Way's Better,198000,false
2025-06-070,Kendrick Lamar Featuring AzChike,GNX,Peekaboo,156000,true
2025-06-071,Morgan Wallen,I’m The Problem,Genesis,195000,false
2025-06-072,Morgan Wallen,I’m The Problem,Jack And Jill,220000,false
2025-06-073,Fuerza Regida,111XPANTIA,Marlboro Rojo,184000,true
2025-06-074,Karol G,LATINA FOREVA,Latina Foreva,161000,true
2025-06-075,PLUTO & YKNIECE,WHIM WHAMIEE,Whim Whamiee,142000,false
2025-06-076,Brandon Lake,Hard Fought Hallelujah,Hard Fought Hallelujah,316000,false
2025-06-077,Jason Aldean,Whiskey Drink,Whiskey Drink,190000,false
2025-06-078,Morgan Wallen,Miami,Miami,217000,true
2025-06-079,Fuerza Regida & Grupo Frontera,MALA MÍA,Me Jalo,212000,true
2025-06-080,Morgan Wallen,I’m The Problem,Revelation,209000,false
2025-06-081,Shaboozey & Jelly Roll,Amen,Amen,197000,false
2025-06-082,Hudson Westbrook,Hudson Westbrook,House Again,202000,false
2025-06-083,Kane Brown,Backseat Driver,Backseat Driver,228000,false
2025-06-084,Morgan Wallen,I’m The Problem,Interlude,44000,false
2025-06-085,Morgan Wallen Featuring Eric Church,I’m The Problem,Number 3 And Number 7,195000,false
2025-06-086,Bad Bunny,DeBÍ TiRAR MáS FOToS,EOO,204000,true
2025-06-087,Ariana Grande,eternal sunshine deluxe: brighter days ahead,Twilight Zone,198000,false
2025-06-088,Lainey Wilson,Somewhere Over Laredo,Somewhere Over Laredo,226000,false
2025-06-089,Morgan Wallen,I’m The Problem,Leavin's The Least I Could Do,187000,false
2025-06-090,Morgan Wallen Featuring HARDY,I’m The Problem,Come Back As A Redneck,238000,false
2025-06-091,Playboi Carti & The Weeknd,MUSIC,Rather Lie,209000,true
2025-06-092,Nate Smith,Fix What You Didn't Break,Fix What You Didn't Break,201000,false
2025-06-093,Morgan Wallen Featuring ERNEST,I’m The Problem,The Dealer,183000,false
2025-06-094,Morgan Wallen,I’m The Problem,Drinking Til It Does,191000,false
2025-06-095,Fuerza Regida,Por Esos Ojos,Por Esos Ojos,188000,true
2025-06-096,BigXthaPlug,The Largest,The Largest,132000,true
2025-06-097,Sabrina Carpenter,Short n' Sweet (Deluxe),Busy Woman,186000,true
2025-06-098,Tate McRae,So Close To What,Revolving Door,180000,true
2025-06-099,Morgan Wallen,I’m The Problem,LA Night,169000,false
2025-06-100,d4vd,Feel It (From “Invincible”),Feel It,158000,false
2025-07-001,Alex Warren,Ordinary,Ordinary,186000,false
2025-07-002,Morgan Wallen Featuring Tate McRae,I’m The Problem,What I Want,184000,false
2025-07-003,Sabrina Carpenter,Manchild,Manchild,213000,true
2025-07-004,Morgan Wallen,Just In Case,Just In Case,166000,false
2025-07-005,Morgan Wallen,I'm The Problem,I'm The Problem,177000,false
2025-07-006,Kendrick Lamar & SZA,GNX,Luther,178000,false
2025-07-007,Shaboozey,A Bar Song (Tipsy),A Bar Song (Tipsy),171000,true
2025-07-008,Lady Gaga & Bruno Mars,Die With A Smile,Die With A Smile,250000,false
2025-07-009,Teddy Swims,I've Tried Everything But Therapy (Part 1),Lose Control,210000,false
2025-07-010,Cardi B,Outside,Outside,206000,true
2025-07-011,Chappell Roan,The Rise and Fall of a Midwest Princess,Pink Pony Club,258000,false
2025-07-012,Benson Boone,Fireworks & Rollerblades,Beautiful Things,180000,false
2025-07-013,Post Malone Featuring Morgan Wallen,I Had Some Help,I Had Some Help,178000,true
2025-07-014,Ravyn Lenae,Love Me Not / Love Is Blind,Love Me Not,213000,false
2025-07-015,Leon Thomas,MUTT,Mutt,193000,true
2025-07-016,Drake,$ome $exy $ongs 4 U,Nokia,241000,true
2025-07-017,Billie Eilish,HIT ME HARD AND SOFT,Birds Of A Feather,210000,false
2025-07-018,Sabrina Carpenter,Espresso,Espresso,175000,true
2025-07-019,Benson Boone,Sorry I'm Here For Someone Else,Sorry I'm Here For Someone Else,156000,false
2025-07-020,Morgan Wallen,I’m The Problem,I Got Better,205000,false
2025-07-021,Benson Boone,Mystical Magical,Mystical Magical,165000,false
2025-07-022,Riley Green,Worst Way,Worst Way,220000,false
2025-07-023,BigXthaPlug Featuring Bailey Zimmerman,All The Way (feat. Bailey Zimmerman),All The Way,165000,true
2025-07-024,Doechii,Anxiety,Anxiety,249000,true
2025-07-025,Jessie Murph,Blue Strips,Blue Strips,147000,false
2025-07-026,Morgan Wallen,Love Somebody,Love Somebody,205000,false
2025-07-027,Ella Langley,weren't for the wind,Weren't For The Wind,193000,false
2025-07-028,ROSE & Bruno Mars,APT.,APT.,169000,false
2025-07-029,SZA With Kendrick Lamar,SOS Deluxe: LANA,30 For 30,278000,true
2025-07-030,Megan Moroney,6 Months Later,6 Months Later,182000,false
2025-07-031,sombr,undressed,Undressed,182000,false
2025-07-032,Shaboozey,Good News,Good News,199000,false
2025-07-033,sombr,back to friends,Back To Friends,199000,false
2025-07-034,Morgan Wallen,I’m The Problem,20 Cigarettes,160000,false
2025-07-035,Gracie Abrams,The Secret of Us (Deluxe),That's So True,166000,true
2025-07-036,Bailey Zimmerman & Luke Combs,Backup Plan,Backup Plan,181000,false
2025-07-037,The Weeknd & Playboi Carti,Hurry Up Tomorrow,Timeless,256000,true
2025-07-038,Mariah The Scientist,Burning Blue,Burning Blue,205000,false
2025-07-039,Lola Young,Messy,Messy,284000,true
2025-07-040,Tate McRae,Sports car,Sports Car,165000,false
2025-07-041,Morgan Wallen Featuring Post Malone,I Ain't Comin' Back,I Ain't Coming Back,175000,false
2025-07-042,Morgan Wallen,I’m The Problem,Superman,188000,false
2025-07-043,Billie Eilish,HIT ME HARD AND SOFT,Wildflower,261000,false
2025-07-044,MOLIY & Silent Addy & Skillibeng & Shenseea,Shake It To The Max (FLY) [Remix],Shake It To The Max (Fly),178000,true
2025-07-045,The Marias,Submarine,No One Noticed,236000,false
2025-07-046,Kendrick Lamar Featuring Lefty Gunplay,GNX,TV Off,221000,true
2025-07-047,Thomas Rhett,After All The Bars Are Closed,After All The Bars Are Closed,191000,false
2025-07-048,Lil Tecca,Dark Thoughts,Dark Thoughts,136000,true
2025-07-049,The Weeknd,Hurry Up Tomorrow,Cry For Me,224000,true
2025-07-050,PARTYNEXTDOOR & Drake,$ome $exy $ongs 4 U,Somebody Loves Me,183000,true
2025-07-051,Russell Dickerson,Happen To Me (feat. Jonas Brothers),Happen To Me,183000,false
2025-07-052,Ed Sheeran,Azizam,Azizam,162000,false
2025-07-053,Morgan Wallen,I’m The Problem,TN,185000,false
2025-07-054,PLUTO & YKNIECE,WHIM WHAMIEE,Whim Whamiee,142000,false
2025-07-055,Tate McRae,Just Keep Watching (From F1® The Movie),Just Keep Watching,142000,false
2025-07-056,Charli xcx,how i'm feeling now,Party 4 U,296000,false
2025-07-057,Sam Barber Featuring Avery Anna,Restless Mind,Indigo,286000,false
2025-07-058,Alex Warren With Jelly Roll,Bloodline,Bloodline,182000,false
2025-07-059,Shaboozey & Jelly Roll,Amen,Amen,197000,false
2025-07-060,GloRilla,Typa,Typa,124000,true
2025-07-061,Lil Tecca,DOPAMINE,OWA OWA,130000,true
2025-07-062,Forrest Frank,YOUR WAY'S BETTER,Your Way's Better,198000,false
2025-07-063,Brandon Lake,Hard Fought Hallelujah,Hard Fought Hallelujah,316000,false
2025-07-064,Fuerza Regida,111XPANTIA,Marlboro Rojo,184000,true
2025-07-065,Fuerza Regida,111XPANTIA,Tu Sancho,178000,true
2025-07-066,Karol G,LATINA FOREVA,Latina Foreva,161000,true
2025-07-067,Morgan Wallen,I'm A Little Crazy,I'm A Little Crazy,199000,false
2025-07-068,Hudson Westbrook,Hudson Westbrook,House Again,202000,false
2025-07-069,Morgan Wallen,I’m The Problem,Dark Til Daylight,235000,false
2025-07-070,Kendrick Lamar Featuring AzChike,GNX,Peekaboo,156000,true
2025-07-071,Ariana Grande,eternal sunshine deluxe: brighter days ahead,Twilight Zone,198000,false
2025-07-072,Offset & JID,Bodies,Bodies,179000,true
2025-07-073,Benson Boone,American Heart,Mr Electric Blue,190000,false
2025-07-074,Karol G,Tropicoqueta,Papasito,167000,false
2025-07-075,Nate Smith,Fix What You Didn't Break,Fix What You Didn't Break,201000,false
2025-07-076,Playboi Carti & The Weeknd,MUSIC,Rather Lie,209000,true
2025-07-077,Saja Boys: Andrew Choi & Neckwav & Danny Chung & Kevin Woo & samUIL Lee,KPop Demon Hunters (Soundtrack from the Netflix Film),Your Idol,191000,false
2025-07-078,Bad Bunny,DeBÍ TiRAR MáS FOToS,EOO,204000,true
2025-07-079,Kehlani,Folded,Folded,238000,false
2025-07-080,Scotty McCreery & Hootie & The Blowfish,Bottle Rockets (feat. Hootie & The Blowfish),Bottle Rockets,235000,false
2025-07-081,HUNTR/X: EJAE & Audrey Nuna & REI AMI,KPop Demon Hunters (Soundtrack from the Netflix Film),Golden,192000,false
2025-07-082,Corey Kent,This Heart,This Heart,186000,false
2025-07-083,Fuerza Regida & Grupo Frontera,MALA MÍA,Me Jalo,212000,true
2025-07-084,Myles Smith,A Minute...,Nice To Meet You,176000,false
2025-07-085,Ty Myers,The Select,Thought It Was Love,246000,false
2025-07-086,Morgan Wallen,I’m The Problem,Eyes Are Closed,197000,true
2025-07-087,Jessie Murph,Touch Me Like a Gangster,Touch Me Like A Gangster,163000,true
2025-07-088,Kane Brown,Backseat Driver,Backseat Driver,228000,false
2025-07-089,Josh Ross,Single Again,Single Again,179000,false
2025-07-090,j-hope & GloRilla,Killin' It Girl (feat. GloRilla),Killin' It Girl,148000,true
2025-07-091,Morgan Wallen,I’m The Problem,Where'd That Girl Go,151000,false
2025-07-092,Max McNown,Night Diving,Better Me For You (Brown Eyes),194000,false
2025-07-093,Fuerza Regida,Por Esos Ojos,Por Esos Ojos,188000,true
2025-07-094,KATSEYE,Gabriela,Gabriela,196000,false
2025-07-095,Morgan Wallen,I’m The Problem,Kick Myself,159000,false
2025-07-096,Karol G & Feid,Tropicoqueta,Verano Rosa,210000,false
2025-07-097,Morgan Wallen,I’m The Problem,Don't We,191000,false
2025-07-098,KATSEYE,Gnarly,Gnarly,137000,true
2025-07-099,Ed Sheeran,Sapphire,Sapphire,179000,false
2025-07-100,Morgan Wallen,I’m The Problem,Kiss Her In Front Of You,178000,false
2025-08-001,Alex Warren,Ordinary,Ordinary,186000,false
2025-08-002,HUNTR/X: EJAE & Audrey Nuna & REI AMI,KPop Demon Hunters (Soundtrack from the Netflix Film),Golden,192000,false
2025-08-003,Justin Bieber,SWAG,Daisies,176000,false
2025-08-004,Morgan Wallen Featuring Tate McRae,I’m The Problem,What I Want,184000,false
2025-08-005,Morgan Wallen,Just In Case,Just In Case,166000,false
2025-08-006,Ravyn Lenae,Love Me Not / Love Is Blind,Love Me Not,213000,false
2025-08-007,Teddy Swims,I've Tried Everything But Therapy (Part 1),Lose Control,210000,false
2025-08-008,Shaboozey,A Bar Song (Tipsy),A Bar Song (Tipsy),171000,true
2025-08-009,Kendrick Lamar & SZA,GNX,Luther,178000,false
2025-08-010,Lady Gaga & Bruno Mars,Die With A Smile,Die With A Smile,250000,false
2025-08-011,Morgan Wallen,I'm The Problem,I'm The Problem,177000,false
2025-08-012,Saja Boys: Andrew Choi & Neckwav & Danny Chung & Kevin Woo & samUIL Lee,KPop Demon Hunters (Soundtrack from the Netflix Film),Your Idol,191000,false
2025-08-013,Sabrina Carpenter,Manchild,Manchild,213000,true
2025-08-014,Benson Boone,Fireworks & Rollerblades,Beautiful Things,180000,false
2025-08-015,Chappell Roan,The Rise and Fall of a Midwest Princess,Pink Pony Club,258000,false
2025-08-016,Alex Warren,"You'll Be Alright, Kid",Eternity,189000,false
2025-08-017,Post Malone Featuring Morgan Wallen,I Had Some Help,I Had Some Help,178000,true
2025-08-018,Billie Eilish,HIT ME HARD AND SOFT,Birds Of A Feather,210000,false
2025-08-019,HUNTR/X: EJAE & Audrey Nuna & REI AMI,KPop Demon Hunters (Soundtrack from the Netflix Film),How It's Done,176000,false
2025-08-020,Leon Thomas,MUTT,Mutt,193000,true
2025-08-021,Saja Boys: Andrew Choi & Neckwav & Danny Chung & Kevin Woo & samUIL Lee,KPop Demon Hunters (Soundtrack from the Netflix Film),Soda Pop,150000,false
2025-08-022,Shaboozey,Good News,Good News,199000,false
2025-08-023,Drake,What Did I Miss?,What Did I Miss?,194000,true
2025-08-024,Benson Boone,Mystical Magical,Mystical Magical,165000,false
2025-08-025,Morgan Wallen,I’m The Problem,I Got Better,205000,false
2025-08-026,jessie murph,Blue Strips,Blue Strips,147000,false
2025-08-027,BigXthaPlug Featuring Bailey Zimmerman,All The Way (feat. Bailey Zimmerman),All The Way,165000,true
2025-08-028,Benson Boone,Sorry I'm Here For Someone Else,Sorry I'm Here For Someone Else,156000,false
2025-08-029,sombr,undressed,Undressed,182000,false
2025-08-030,Rumi & JINU & EJAE & Andrew Choi,KPop Demon Hunters (Soundtrack from the Netflix Film),Free,187000,false
2025-08-031,HUNTR/X: EJAE & Audrey Nuna & REI AMI,KPop Demon Hunters (Soundtrack from the Netflix Film),What It Sounds Like,250000,false
2025-08-032,Drake,$ome $exy $ongs 4 U,Nokia,241000,true
2025-08-033,Tyler, the Creator,DON'T TAP THE GLASS,Big Poe,182000,true
2025-08-034,Bailey Zimmerman & Luke Combs,Backup Plan,Backup Plan,181000,false
2025-08-035,ROSE & Bruno Mars,APT.,APT.,169000,false
2025-08-036,Mariah the Scientist,Burning Blue,Burning Blue,205000,false
2025-08-037,Riley Green,Worst Way,Worst Way,220000,false
2025-08-038,Justin Bieber,SWAG,Yukon,164000,false
2025-08-039,HUNTR/X: EJAE & Audrey Nuna & REI AMI,KPop Demon Hunters (Soundtrack from the Netflix Film),Takedown,182000,false
2025-08-040,SZA With Kendrick Lamar,SOS Deluxe: LANA,30 For 30,278000,true
2025-08-041,"Tyler, the Creator ",DON'T TAP THE GLASS,Sugar On My Tongue,153000,true
2025-08-042,sombr,back to friends,Back To Friends,199000,false
2025-08-043,Morgan Wallen,Love Somebody,Love Somebody,205000,false
2025-08-044,"Tyler, the Creator",DON'T TAP THE GLASS,Ring Ring Ring,201000,true
2025-08-045,Thomas Rhett,After All The Bars Are Closed,After All The Bars Are Closed,191000,false
2025-08-046,Ozzy Osbourne,Memoirs of a Madman,Crazy Train,291000,false
2025-08-047,Doechii,Anxiety,Anxiety,249000,true
2025-08-048,"Tyler, the Creator ",DON'T TAP THE GLASS,Sucka Free,161000,true
2025-08-049,Ozzy Osbourne,No More Tears (Expanded Edition),"Mama, I'm Coming Home",251000,false
2025-08-050,Russell Dickerson,Happen To Me (feat. Jonas Brothers),Happen To Me,183000,false
2025-08-051,"Tyler, the Creator ",DON'T TAP THE GLASS,Stop Playing With Me,133000,true
2025-08-052,MOLIY & Silent Addy & Skillibeng & Shenseea,Shake It To The Max (FLY) [Remix],Shake It To The Max (Fly),178000,true
2025-08-053,BLACKPINK,JUMP,Jump,164000,false
2025-08-054,"Tyler, the Creator ",DON'T TAP THE GLASS,Mommanem,75000,true
2025-08-055,"Tyler, the Creator ",DON'T TAP THE GLASS,I'll Take Care Of You,200000,true
2025-08-056,"Tyler, the Creator ",DON'T TAP THE GLASS,Don't Tap That Glass / Tweakin',222000,true
2025-08-057,Morgan Wallen,I’m The Problem,20 Cigarettes,160000,false
2025-08-058,Megan Moroney,6 Months Later,6 Months Later,182000,false
2025-08-059,"Tyler, the Creator Featuring Madison McFerrin",DON'T TAP THE GLASS,Don't You Worry Baby,178000,true
2025-08-060,Tate McRae,Just Keep Watching (From F1® The Movie),Just Keep Watching,142000,false
2025-08-061,Morgan Wallen Featuring Post Malone,I Ain't Comin' Back,I Ain't Coming Back,175000,false
2025-08-062,Zach Bryan Featuring Gabriella Rose,Madeline (feat. Gabriella Rose),Madeline,145000,true
2025-08-063,Cardi B,Outside,Outside,206000,true
2025-08-064,Travis Scott,JACKBOYS 2,Kick Out,170000,true
2025-08-065,Billie Eilish,HIT ME HARD AND SOFT,Wildflower,261000,false
2025-08-066,Justin Bieber,SWAG,Go Baby,195000,false
2025-08-067,Alex Warren With Jelly Roll,Bloodline,Bloodline,182000,false
2025-08-068,Scotty McCreery & Hootie & the Blowfish,Bottle Rockets (feat. Hootie & The Blowfish),Bottle Rockets,235000,false
2025-08-069,Shaboozey & Jelly Roll,Amen,Amen,197000,false
2025-08-070,Kehlani,Folded,Folded,238000,false
2025-08-071,Nate Smith,Fix What You Didn't Break,Fix What You Didn't Break,201000,false
2025-08-072,Max McNown,Night Diving,Better Me For You (Brown Eyes),194000,false
2025-08-073,Morgan Wallen,I’m The Problem,Superman,188000,false
2025-08-074,Hudson Westbrook,Hudson Westbrook,House Again,202000,false
2025-08-075,Travis Scott,JACKBOYS 2,Dumbo,238000,true
2025-08-076,TWICE,KPop Demon Hunters (Soundtrack from the Netflix Film),Takedown,180000,false
2025-08-077,Justin Bieber,SWAG,Walking Away,244000,true
2025-08-078,Brandon Lake,Hard Fought Hallelujah,Hard Fought Hallelujah,316000,false
2025-08-079,Forrest Frank,YOUR WAY'S BETTER,Your Way's Better,198000,false
2025-08-080,Coldplay,Parachutes,Sparks,227000,false
2025-08-081,Ariana Grande,eternal sunshine deluxe: brighter days ahead,Twilight Zone,198000,false
2025-08-082,"Tyler, the Creator ",DON'T TAP THE GLASS,Tell Me What It Is,202000,false
2025-08-083,Charli xcx,how i'm feeling now,Party 4 U,296000,false
2025-08-084,Jessie Murph,Sex Hysteria,1965,168000,true
2025-08-085,Morgan Wallen,I’m The Problem,TN,185000,false
2025-08-086,Clipse Featuring Kendrick Lamar,Let God Sort Em Out,Chains & Whips,244000,true
2025-08-087,Travis Scott & Don Toliver,JACKBOYS 2,Champain & Vacay,184000,true
2025-08-088,PLUTO & YKNIECE,WHIM WHAMIEE,Whim Whamiee,142000,false
2025-08-089,G Herbo,Greatest Rapper Alive,Went Legit,140000,true
2025-08-090,Zach Bryan,Streets of London,River Washed Hair,261000,false
2025-08-091,Disco Lines & Tinashe,No Broke Boys,No Broke Boys,163000,true
2025-08-092,Twice,KPop Demon Hunters (Soundtrack from the Netflix Film),Strategy,166000,false
2025-08-093,Bad Bunny,DeBÍ TiRAR MáS FOToS,EOO,204000,true
2025-08-094,Dareyes de La Sierra,Redención (Deluxe),Frecuencia,190000,true
2025-08-095,Jordan Davis,Bar None,Bar None,173000,false
2025-08-096,Myles Smith,A Minute...,Nice To Meet You,176000,false
2025-08-097,Bad Bunny,DeBÍ TiRAR MáS FOToS,Nuevayol,183000,false
2025-08-098,Playboi Carti & The Weeknd,MUSIC,Rather Lie,209000,true
2025-08-099,Lainey Wilson,Somewhere Over Laredo,Somewhere Over Laredo,226000,false
2025-08-100,Glorilla,Typa,Typa,124000,true
2025-09-001,HUNTR/X: EJAE & Audrey Nuna & REI AMI,KPop Demon Hunters (Soundtrack from the Netflix Film),Golden,192000,false
2025-09-002,Alex Warren,Ordinary,Ordinary,186000,false
2025-09-003,Morgan Wallen Featuring Tate McRae,I’m The Problem,What I Want,184000,false
2025-09-004,Saja Boys: Andrew Choi & Neckwav & Danny Chung & Kevin Woo & samUIL Lee,KPop Demon Hunters (Soundtrack from the Netflix Film),Your Idol,191000,false
2025-09-005,Saja Boys: Andrew Choi & Neckwav & Danny Chung & Kevin Woo & samUIL Lee,KPop Demon Hunters (Soundtrack from the Netflix Film),Soda Pop,150000,false
2025-09-006,Ravyn Lenae,Love Me Not / Love Is Blind,Love Me Not,213000,false
2025-09-007,Sabrina Carpenter,Manchild,Manchild,213000,true
2025-09-008,Teddy Swims,I've Tried Everything But Therapy (Part 1),Lose Control,210000,false
2025-09-009,HUNTR/X: EJAE & Audrey Nuna & REI AMI,KPop Demon Hunters (Soundtrack from the Netflix Film),How It's Done,176000,false
2025-09-010,Lady Gaga & Bruno Mars,Die With A Smile,Die With A Smile,250000,false
2025-09-011,Justin Bieber,SWAG,Daisies,176000,false
2025-09-012,Morgan Wallen,Just In Case,Just In Case,166000,false
2025-09-013,Shaboozey,A Bar Song (Tipsy),A Bar Song (Tipsy),171000,true
2025-09-014,Shaboozey,Good News,Good News,199000,false
2025-09-015,Leon Thomas,MUTT,Mutt,193000,true
2025-09-016,Morgan Wallen,I'm The Problem,I'm The Problem,177000,false
2025-09-017,Benson Boone,Fireworks & Rollerblades,Beautiful Things,180000,false
2025-09-018,Morgan Wallen,I’m The Problem,I Got Better,205000,false
2025-09-019,HUNTR/X: EJAE & Audrey Nuna & REI AMI,KPop Demon Hunters (Soundtrack from the Netflix Film),What It Sounds Like,250000,false
2025-09-020,Chappell Roan,The Rise and Fall of a Midwest Princess,Pink Pony Club,258000,false
2025-09-021,HUNTR/X: EJAE & Audrey Nuna & REI AMI,KPop Demon Hunters (Soundtrack from the Netflix Film),Takedown,182000,false
2025-09-022,BigXthaPlug Featuring Bailey Zimmerman,All The Way (feat. Bailey Zimmerman),All The Way,165000,true
2025-09-023,Rumi & JINU & EJAE & Andrew Choi,KPop Demon Hunters (Soundtrack from the Netflix Film),Free,187000,false
2025-09-024,sombr,undressed,Undressed,182000,false
2025-09-025,Billie Eilish,HIT ME HARD AND SOFT,Birds Of A Feather,210000,false
2025-09-026,Kendrick Lamar & SZA,GNX,Luther,178000,false
2025-09-027,Benson Boone,Mystical Magical,Mystical Magical,165000,false
2025-09-028,Doja Cat,Jealous Type,Jealous Type,163000,true
2025-09-029,Mariah the Scientist,Burning Blue,Burning Blue,205000,false
2025-09-030,Bailey Zimmerman & Luke Combs,Backup Plan,Backup Plan,181000,false
2025-09-031,sombr,back to friends,Back To Friends,199000,false
2025-09-032,Benson Boone,Sorry I'm Here For Someone Else,Sorry I'm Here For Someone Else,156000,false
2025-09-033,Justin Bieber,SWAG,Yukon,164000,false
2025-09-034,Chris Brown Featuring Bryson Tiller,It Depends (feat. Bryson Tiller),It Depends,271000,true
2025-09-035,BigXthaPlug Featuring Ella Langley,Hell At Night (feat. Ella Langley),Hell At Night,179000,false
2025-09-036,Chappell Roan,The Subway,The Subway,252000,true
2025-09-037,Kehlani,Folded,Folded,238000,false
2025-09-038,Russell Dickerson,Happen To Me (feat. Jonas Brothers),Happen To Me,183000,false
2025-09-039,jessie murph,Blue Strips,Blue Strips,147000,false
2025-09-040,Riley Green,Worst Way,Worst Way,220000,false
2025-09-041,SZA With Kendrick Lamar,SOS Deluxe: LANA,30 For 30,278000,true
2025-09-042,Thomas Rhett,After All The Bars Are Closed,After All The Bars Are Closed,191000,false
2025-09-043,ROSE & Bruno Mars,APT.,APT.,169000,false
2025-09-044,Jordan Davis,Bar None,Bar None,173000,false
2025-09-045,Disco Lines & Tinashe,No Broke Boys,No Broke Boys,163000,true
2025-09-046,Morgan Wallen,Love Somebody,Love Somebody,205000,false
2025-09-047,Scotty McCreery & Hootie & the Blowfish,Bottle Rockets (feat. Hootie & The Blowfish),Bottle Rockets,235000,false
2025-09-048,Drake,What Did I Miss?,What Did I Miss?,194000,true
2025-09-049,Luke Combs,Back in the Saddle,Back In The Saddle,213000,false
2025-09-050,TWICE,KPop Demon Hunters (Soundtrack from the Netflix Film),Takedown,180000,false
2025-09-051,Twice,KPop Demon Hunters (Soundtrack from the Netflix Film),Strategy,166000,false
2025-09-052,Stray Kids,KARMA,Ceremony,164000,false
2025-09-053,"Tyler, the Creator ",DON'T TAP THE GLASS,Sugar On My Tongue,153000,true
2025-09-054,Lainey Wilson,Somewhere Over Laredo,Somewhere Over Laredo,226000,false
2025-09-055,Megan Moroney,6 Months Later,6 Months Later,182000,false
2025-09-056,Hudson Westbrook,Hudson Westbrook,House Again,202000,false
2025-09-057,Billie Eilish,HIT ME HARD AND SOFT,Wildflower,261000,false
2025-09-058,Morgan Wallen,I’m The Problem,20 Cigarettes,160000,false
2025-09-059,Mariah the Scientist & Kali Uchis,Is It a Crime,Is It A Crime,181000,true
2025-09-060,sombr,12 to 12,12 To 12,242000,false
2025-09-061,BigXthaPlug Featuring Jelly Roll,I Hope You're Happy,Box Me Up,173000,false
2025-09-062,Shaboozey & Jelly Roll,Amen,Amen,197000,false
2025-09-063,KATSEYE,Gabriela,Gabriela,196000,false
2025-09-064,Forrest Frank,YOUR WAY'S BETTER,Your Way's Better,198000,false
2025-09-065,Morgan Wallen Featuring Lil Wayne & Rick Ross,Miami,Miami,217000,true
2025-09-066,Tate McRae,Just Keep Watching (From F1® The Movie),Just Keep Watching,142000,false
2025-09-067,Max McNown,Night Diving,Better Me For You (Brown Eyes),194000,false
2025-09-068,Charli xcx,how i'm feeling now,Party 4 U,296000,false
2025-09-069,Riley Green Featuring Ella Langley,Don't Mind If I Do,Don't Mind If I Do,218000,false
2025-09-070,Fuerza Regida,111XPANTIA,Marlboro Rojo,184000,true
2025-09-071,Tate McRae,So Close To What,Revolving Door,180000,true
2025-09-072,MOLIY & Silent Addy & Skillibeng & Shenseea,Shake It To The Max (FLY) [Remix],Shake It To The Max (Fly),178000,true
2025-09-073,Offset & Gunna,KIARI,Different Species,184000,true
2025-09-074,Cardi B,Outside,Outside,206000,true
2025-09-075,Morgan Wallen Featuring Post Malone,I Ain't Comin' Back,I Ain't Coming Back,175000,false
2025-09-076,Myles Smith,A Minute...,Nice To Meet You,176000,false
2025-09-077,Coldplay,Parachutes,Sparks,227000,false
2025-09-078,BLACKPINK,JUMP,Jump,164000,false
2025-09-079,Pierce the Veil,The Jaws Of Life,So Far So Fake,236000,false
2025-09-080,Morgan Wallen,I’m The Problem,Superman,188000,false
2025-09-081,Gunna Featuring Burna Boy,Artist 2.0,wgft,188000,true
2025-09-082,Olivia Dean,Man I Need,Man I Need,184000,false
2025-09-083,Alex Warren,"You'll Be Alright, Kid",Eternity,189000,false
2025-09-084,Drake & Central Cee,Which One,Which One,169000,true
2025-09-085,Gavin Adcock,Last One To Know,Last One To Know,177000,false
2025-09-086,Jelly Roll,Beautifully Broken (Pickin’ Up The Pieces),Heart Of Stone,183000,false
2025-09-087,G Herbo,Greatest Rapper Alive,Went Legit,140000,true
2025-09-088,Mariah the Scientist,HEARTS SOLD SEPARATELY,Sacrifice,201000,false
2025-09-089,Dareyes de La Sierra,Redención (Deluxe),Frecuencia,190000,true
2025-09-090,Glorilla,Typa,Typa,124000,true
2025-09-091,Laufey,Lover Girl,Lover Girl,164000,false
2025-09-092,Marshmello & Jelly Roll,Holy Water,Holy Water,149000,false
2025-09-093,Radiohead,OK Computer,Let Down,299000,false
2025-09-094,Latto,Somebody,Somebody,202000,true
2025-09-095,Morgan Wallen,I’m The Problem,TN,185000,false
2025-09-096,"Tyler, the Creator",DON'T TAP THE GLASS,Ring Ring Ring,201000,true
2025-09-097,Alex Warren With Jelly Roll,Bloodline,Bloodline,182000,false
2025-09-098,KATSEYE,Gnarly,Gnarly,137000,true
2025-09-099,Fuerza Regida,111XPANTIA,Tu Sancho,178000,true
2025-09-100,Parker McCollum,What Kinda Man,What Kinda Man,259000,false
2025-10-001,HUNTR/X: EJAE & Audrey Nuna & REI AMI,KPop Demon Hunters (Soundtrack from the Netflix Film),Golden,192000,false
2025-10-002,Alex Warren,Ordinary,Ordinary,186000,false
2025-10-003,Saja Boys: Andrew Choi & Neckwav & Danny Chung & Kevin Woo & samUIL Lee,KPop Demon Hunters (Soundtrack from the Netflix Film),Soda Pop,150000,false
2025-10-004,Morgan Wallen Featuring Tate McRae,I’m The Problem,What I Want,184000,false
2025-10-005,Saja Boys: Andrew Choi & Neckwav & Danny Chung & Kevin Woo & samUIL Lee,KPop Demon Hunters (Soundtrack from the Netflix Film),Your Idol,191000,false
2025-10-006,Sabrina Carpenter,Manchild,Manchild,213000,true
2025-10-007,Teddy Swims,I've Tried Everything But Therapy (Part 1),Lose Control,210000,false
2025-10-008,Justin Bieber,SWAG,Daisies,176000,false
2025-10-009,Ravyn Lenae,Love Me Not / Love Is Blind,Love Me Not,213000,false
2025-10-010,Lady Gaga & Bruno Mars,Die With A Smile,Die With A Smile,250000,false
2025-10-011,Morgan Wallen,I’m The Problem,I Got Better,205000,false
2025-10-012,Leon Thomas,MUTT,Mutt,193000,true
2025-10-013,HUNTR/X: EJAE & Audrey Nuna & REI AMI,KPop Demon Hunters (Soundtrack from the Netflix Film),How It's Done,176000,false
2025-10-014,Benson Boone,Fireworks & Rollerblades,Beautiful Things,180000,false
2025-10-015,Shaboozey,A Bar Song (Tipsy),A Bar Song (Tipsy),171000,true
2025-10-016,sombr,undressed,Undressed,182000,false
2025-10-017,Sabrina Carpenter,Man’s Best Friend,Tears,160000,false
2025-10-018,Morgan Wallen,Just In Case,Just In Case,166000,false
2025-10-019,Chappell Roan,The Rise and Fall of a Midwest Princess,Pink Pony Club,258000,false
2025-10-020,Shaboozey,Good News,Good News,199000,false
2025-10-021,HUNTR/X: EJAE & Audrey Nuna & REI AMI,KPop Demon Hunters (Soundtrack from the Netflix Film),What It Sounds Like,250000,false
2025-10-022,Kehlani,Folded,Folded,238000,false
2025-10-023,sombr,back to friends,Back To Friends,199000,false
2025-10-024,Morgan Wallen,I'm The Problem,I'm The Problem,177000,false
2025-10-025,Olivia Dean,Man I Need,Man I Need,184000,false
2025-10-026,Cardi B Featuring Kehlani,AM I THE DRAMA?,Safe,177000,true
2025-10-027,Benson Boone,Mystical Magical,Mystical Magical,165000,false
2025-10-028,Kendrick Lamar & SZA,GNX,Luther,178000,false
2025-10-029,HUNTR/X: EJAE & Audrey Nuna & REI AMI,KPop Demon Hunters (Soundtrack from the Netflix Film),Takedown,182000,false
2025-10-030,Rumi & JINU & EJAE & Andrew Choi,KPop Demon Hunters (Soundtrack from the Netflix Film),Free,187000,false
2025-10-031,Chris Brown Featuring Bryson Tiller,It Depends (feat. Bryson Tiller),It Depends,271000,true
2025-10-032,Sabrina Carpenter,Man’s Best Friend,When Did You Get Hot?,145000,false
2025-10-033,Scotty McCreery & Hootie & The Blowfish,Bottle Rockets (feat. Hootie & The Blowfish),Bottle Rockets,235000,false
2025-10-034,Mariah the Scientist,Burning Blue,Burning Blue,205000,false
2025-10-035,Justin Bieber,SWAG,Yukon,164000,false
2025-10-036,BigXthaPlug Featuring Bailey Zimmerman,All The Way (feat. Bailey Zimmerman),All The Way,165000,true
2025-10-037,Cardi B,AM I THE DRAMA?,Magnet,178000,true
2025-10-038,d4vd,Romantic Homicide,Romantic Homicide,132000,false
2025-10-039,Benson Boone,Sorry I'm Here For Someone Else,Sorry I'm Here For Someone Else,156000,false
2025-10-040,Russell Dickerson,Happen To Me (feat. Jonas Brothers),Happen To Me,183000,false
2025-10-041,Disco Lines & Tinashe,No Broke Boys,No Broke Boys,163000,true
2025-10-042,Cardi B,Outside,Outside,206000,true
2025-10-043,Cardi B,AM I THE DRAMA?,Pretty & Petty,183000,true
2025-10-044,Jordan Davis,Bar None,Bar None,173000,false
2025-10-045,Cardi B Featuring Selena Gomez,AM I THE DRAMA?,Pick It Up,160000,true
2025-10-046,Cardi B,AM I THE DRAMA?,Hello,155000,true
2025-10-047,Cardi B Featuring Summer Walker,AM I THE DRAMA?,Dead,267000,true
2025-10-048,sombr,12 to 12,12 To 12,242000,false
2025-10-049,BigXthaPlug Featuring Ella Langley,Hell At Night (feat. Ella Langley),Hell At Night,179000,false
2025-10-050,Riley Green,Worst Way,Worst Way,220000,false
2025-10-051,Sabrina Carpenter,Man’s Best Friend,Nobody's Son,182000,true
2025-10-052,Tate McRae,So Close To What,Revolving Door,180000,true
2025-10-053,Cardi B,AM I THE DRAMA?,Bodega Baddie,104000,true
2025-10-054,Luke Combs,Back in the Saddle,Back In The Saddle,213000,false
2025-10-055,"Tyler, the Creator ",DON'T TAP THE GLASS,Sugar On My Tongue,153000,true
2025-10-056,KATSEYE,Gabriela,Gabriela,196000,false
2025-10-057,Doja Cat,Jealous Type,Jealous Type,163000,true
2025-10-058,Hudson Westbrook,Hudson Westbrook,House Again,202000,false
2025-10-059,Lainey Wilson,Somewhere Over Laredo,Somewhere Over Laredo,226000,false
2025-10-060,Lady Gaga,The Dead Dance,The Dead Dance,228000,false
2025-10-061,Billie Eilish,HIT ME HARD AND SOFT,Wildflower,261000,false
2025-10-062,Megan Moroney,6 Months Later,6 Months Later,182000,false
2025-10-063,Cardi B Featuring Lizzo,AM I THE DRAMA?,What's Goin On,204000,true
2025-10-064,Jelly Roll,Beautifully Broken (Pickin’ Up The Pieces),Heart Of Stone,183000,false
2025-10-065,Cardi B,AM I THE DRAMA? (ErrTime Edition),ErrTime,146000,true
2025-10-066,Cardi B,Imaginary Playerz,Imaginary Playerz,207000,true
2025-10-067,Tate McRae,Just Keep Watching (From F1® The Movie),Just Keep Watching,142000,false
2025-10-068,TWICE,KPop Demon Hunters (Soundtrack from the Netflix Film),Takedown,180000,false
2025-10-069,Twice,KPop Demon Hunters (Soundtrack from the Netflix Film),Strategy,166000,false
2025-10-070,Cardi B Featuring Dougie F,AM I THE DRAMA?,Man Of Your Word,221000,true
2025-10-071,Sabrina Carpenter,Man’s Best Friend,House Tour,167000,false
2025-10-072,Max McNown,Night Diving,Better Me For You (Brown Eyes),194000,false
2025-10-073,Cardi B,AM I THE DRAMA?,Salute,154000,true
2025-10-074,Gavin Adcock,Last One To Know,Last One To Know,177000,false
2025-10-075,Chappell Roan,The Subway,The Subway,252000,true
2025-10-076,Gunna Featuring Burna Boy,Artist 2.0,wgft,188000,true
2025-10-077,Shaboozey & Jelly Roll,Amen,Amen,197000,false
2025-10-078,Alex Warren,"You'll Be Alright, Kid",Eternity,189000,false
2025-10-079,Riley Green Featuring Ella Langley,Don't Mind If I Do,Don't Mind If I Do,218000,false
2025-10-080,Fuerza Regida,111XPANTIA,Marlboro Rojo,184000,true
2025-10-081,Cardi B Featuring Summer Walker,AM I THE DRAMA?,Shower Tears,207000,true
2025-10-082,Myles Smith,A Minute...,Nice To Meet You,176000,false
2025-10-083,Mariah the Scientist & Kali Uchis,Is It a Crime,Is It A Crime,181000,true
2025-10-084,YoungBoy Never Broke Again,Shot Callin,Shot Callin,225000,true
2025-10-085,Cardi B Featuring Cash Cobain,AM I THE DRAMA? (The Snow Mix),Better Than You,241000,true
2025-10-086,Coldplay,Parachutes,Sparks,227000,false
2025-10-087,The Marias,Submarine,Sienna,224000,false
2025-10-088,Sabrina Carpenter,Man’s Best Friend,Go Go Juice,193000,true
2025-10-089,Rihanna,Good Girl Gone Bad: Reloaded,Breakin' Dishes,200000,false
2025-10-090,Marshmello & Jelly Roll,Holy Water,Holy Water,149000,false
2025-10-091,Morgan Wallen,I’m The Problem,20 Cigarettes,160000,false
2025-10-092,Cardi B Featuring Janet Jackson,AM I THE DRAMA?,Principal,137000,true
2025-10-093,Ed Sheeran,Play,Camera,215000,false
2025-10-094,Sabrina Carpenter,Man’s Best Friend,Sugar Talking,183000,true
2025-10-095,Sabrina Carpenter,Man’s Best Friend,My Man On Willpower,197000,true
2025-10-096,Drake & Central Cee,Which One,Which One,169000,true
2025-10-097,Sabrina Carpenter,Man’s Best Friend,Goodbye,225000,true
2025-10-098,Chase Matthew,We All Grow Up,Darlin',165000,false
2025-10-099,G Herbo,Greatest Rapper Alive,Went Legit,140000,true
2025-10-100,Drake,What Did I Miss?,What Did I Miss?,194000,true
2025-11-001,Taylor Swift,The Life of a Showgirl,The Fate Of Ophelia,226000,false
2025-11-002,HUNTR/X: EJAE & Audrey Nuna & REI AMI,KPop Demon Hunters (Soundtrack from the Netflix Film),Golden,192000,false
2025-11-003,Alex Warren,Ordinary,Ordinary,186000,false
2025-11-004,Taylor Swift,The Life of a Showgirl,Opalite,235000,false
2025-11-005,Taylor Swift,The Life of a Showgirl,Elizabeth Taylor,208000,false
2025-11-006,Taylor Swift,The Life of a Showgirl,Father Figure,212000,true
2025-11-007,Justin Bieber,SWAG,Daisies,176000,false
2025-11-008,Olivia Dean,Man I Need,Man I Need,184000,false
2025-11-009,Morgan Wallen,I’m The Problem,I Got Better,205000,false
2025-11-010,Leon Thomas,MUTT,Mutt,193000,true
2025-11-011,Taylor Swift,The Life of a Showgirl,Wi$h Li$t,207000,true
2025-11-012,Taylor Swift Featuring Sabrina Carpenter,The Life of a Showgirl,The Life Of A Showgirl,241000,true
2025-11-013,Taylor Swift,The Life of a Showgirl,Wood,150000,true
2025-11-014,Kehlani,Folded,Folded,238000,false
2025-11-015,Taylor Swift,The Life of a Showgirl,Actually Romantic,163000,true
2025-11-016,Chris Brown Featuring Bryson Tiller,It Depends (feat. Bryson Tiller),It Depends,271000,true
2025-11-017,Saja Boys: Andrew Choi & Neckwav & Danny Chung & Kevin Woo & samUIL Lee,KPop Demon Hunters (Soundtrack from the Netflix Film),Your Idol,191000,false
2025-11-018,sombr,back to friends,Back To Friends,199000,false
2025-11-019,Taylor Swift,The Life of a Showgirl,Cancelled!,211000,true
2025-11-020,Taylor Swift,The Life of a Showgirl,Eldest Daughter,246000,true
2025-11-021,Morgan Wallen Featuring Tate McRae,I’m The Problem,What I Want,184000,false
2025-11-022,Taylor Swift,The Life of a Showgirl,Ruin The Friendship,220000,false
2025-11-023,Saja Boys: Andrew Choi & Neckwav & Danny Chung & Kevin Woo & samUIL Lee,KPop Demon Hunters (Soundtrack from the Netflix Film),Soda Pop,150000,false
2025-11-024,Ravyn Lenae,Love Me Not / Love Is Blind,Love Me Not,213000,false
2025-11-025,Sabrina Carpenter,Manchild,Manchild,213000,true
2025-11-026,Taylor Swift,The Life of a Showgirl,Honey,181000,true
2025-11-027,Sabrina Carpenter,Man’s Best Friend,Tears,160000,false
2025-11-028,HUNTR/X: EJAE & Audrey Nuna & REI AMI,KPop Demon Hunters (Soundtrack from the Netflix Film),How It's Done,176000,false
2025-11-029,Tate McRae,TIT FOR TAT,Tit For Tat,177000,true
2025-11-030,Benson Boone,Mystical Magical,Mystical Magical,165000,false
2025-11-031,HUNTR/X: EJAE & Audrey Nuna & REI AMI,KPop Demon Hunters (Soundtrack from the Netflix Film),What It Sounds Like,250000,false
2025-11-032,Luke Combs,Back in the Saddle,Back In The Saddle,213000,false
2025-11-033,Tame Impala,Dracula (Remix),Dracula,209000,true
2025-11-034,HUNTR/X: EJAE & Audrey Nuna & REI AMI,KPop Demon Hunters (Soundtrack from the Netflix Film),Takedown,182000,false
2025-11-035,Rumi & JINU & EJAE & Andrew Choi,KPop Demon Hunters (Soundtrack from the Netflix Film),Free,187000,false
2025-11-036,Justin Bieber,SWAG,Yukon,164000,false
2025-11-037,Mariah the Scientist,Burning Blue,Burning Blue,205000,false
2025-11-038,Joji,PIXELATED KISSES,Pixelated Kisses,110000,true
2025-11-039,Ella Langley,Choosin' Texas,Choosin' Texas,232000,false
2025-11-040,KATSEYE,Gabriela,Gabriela,196000,false
2025-11-041,Russell Dickerson,Happen To Me (feat. Jonas Brothers),Happen To Me,183000,false
2025-11-042,Disco Lines & Tinashe,No Broke Boys,No Broke Boys,163000,true
2025-11-043,YoungBoy Never Broke Again,Shot Callin,Shot Callin,225000,true
2025-11-044,Olivia Dean,The Art of Loving,So Easy (To Fall In Love),169000,false
2025-11-045,Sabrina Carpenter,Man’s Best Friend,When Did You Get Hot?,145000,false
2025-11-046,sombr,12 to 12,12 To 12,242000,false
2025-11-047,Billie Eilish,HIT ME HARD AND SOFT,Wildflower,261000,false
2025-11-048,Megan Moroney,6 Months Later,6 Months Later,182000,false
2025-11-049,Morgan Wallen,Graveyard Whistling,Graveyard Whistling,244000,false
2025-11-050,BigXthaPlug Featuring Ella Langley,Hell At Night (feat. Ella Langley),Hell At Night,179000,false
2025-11-051,"Tyler, the Creator ",DON'T TAP THE GLASS,Sugar On My Tongue,153000,true
2025-11-052,Lainey Wilson,Somewhere Over Laredo,Somewhere Over Laredo,226000,false
2025-11-053,Doja Cat,Jealous Type,Jealous Type,163000,true
2025-11-054,Riley Green Featuring Ella Langley,Don't Mind If I Do,Don't Mind If I Do,218000,false
2025-11-055,Hudson Westbrook,Hudson Westbrook,House Again,202000,false
2025-11-056,Tame Impala,Deadbeat,My Old Ways,298000,true
2025-11-057,Cardi B Featuring Kehlani,AM I THE DRAMA?,Safe,177000,true
2025-11-058,Mariah the Scientist & Kali Uchis,Is It a Crime,Is It A Crime,181000,true
2025-11-059,Gunna Featuring Burna Boy,Artist 2.0,wgft,188000,true
2025-11-060,Lady Gaga,The Dead Dance,The Dead Dance,228000,false
2025-11-061,Chase Matthew,We All Grow Up,Darlin',165000,false
2025-11-062,Myles Smith,A Minute...,Nice To Meet You,176000,false
2025-11-063,Rod Wave,Leavin,Leavin,169000,true
2025-11-064,Scotty McCreery & Hootie & The Blowfish,Bottle Rockets (feat. Hootie & The Blowfish),Bottle Rockets,235000,false
2025-11-065,Gavin Adcock,Last One To Know,Last One To Know,177000,false
2025-11-066,Max McNown,Night Diving,Better Me For You (Brown Eyes),194000,false
2025-11-067,RAYE,WHERE IS MY HUSBAND!,Where Is My Husband!,196000,false
2025-11-068,Chappell Roan,The Subway,The Subway,252000,true
2025-11-069,Twice,KPop Demon Hunters (Soundtrack from the Netflix Film),Strategy,166000,false
2025-11-070,Jelly Roll,Beautifully Broken (Pickin’ Up The Pieces),Heart Of Stone,183000,false
2025-11-071,BreSkii & YKNIECE & Metro Boomin & DJ Spinz & Quavo,Metro Boomin Presents: A Futuristic Summa (Hosted by DJ Spinz),Take Me Thru Dere,162000,true
2025-11-072,Jordan Davis,Bar None,Bar None,173000,false
2025-11-073,G Herbo,Greatest Rapper Alive,Went Legit,140000,true
2025-11-074,TWICE,KPop Demon Hunters (Soundtrack from the Netflix Film),Takedown,180000,false
2025-11-075,YoungBoy Never Broke Again & Mellow Rackz,What You Is,What You Is,226000,true
2025-11-076,Kid Cudi,A Kid Named Cudi,Maui Wowie,143000,true
2025-11-077,Cody Johnson,Leather Deluxe Edition,The Fall,197000,false
2025-11-078,Ed Sheeran,Play,Camera,215000,false
2025-11-079,Diplo Featuring Trippie Redd,Wish (Audiomack Trap Symphony Version),Wish,180000,true
2025-11-080,Coldplay,Parachutes,Sparks,227000,false
2025-11-081,Parker McCollum,What Kinda Man,What Kinda Man,259000,false
2025-11-082,Sabrina Carpenter,Man’s Best Friend,Nobody's Son,182000,true
2025-11-083,The Marias,Submarine,Sienna,224000,false
2025-11-084,Cardi B,AM I THE DRAMA? (ErrTime Edition),ErrTime,146000,true
2025-11-085,Shaboozey & Jelly Roll,Amen,Amen,197000,false
2025-11-086,Cardi B,Outside,Outside,206000,true
2025-11-087,Alex Warren,"You'll Be Alright, Kid",Eternity,189000,false
2025-11-088,Olivia Dean,Nice To Each Other,Nice To Each Other,209000,false
2025-11-089,Rihanna,Good Girl Gone Bad: Reloaded,Breakin' Dishes,200000,false
2025-11-090,Jason Aldean,Songs About Us,How Far Does A Goodbye Go,235000,false
2025-11-091,Tame Impala,Deadbeat,Loser,223000,true
2025-11-092,Josiah Queen,Dusty Bibles,Dusty Bibles,190000,false
2025-11-093,Radiohead,OK Computer,Let Down,299000,false
2025-11-094,Tucker Wetmore,"3,2,1","3,2,1",158000,false
2025-11-095,Jackson Dean,Heavens To Betsy,Heavens To Betsy,205000,false
2025-11-096,MOLIY & Silent Addy & Skillibeng & Shenseea,Shake It To The Max (FLY) [Remix],Shake It To The Max (Fly),178000,true
2025-11-097,KATSEYE,Gnarly,Gnarly,137000,true
2025-11-098,Phil Wickham,What An Awesome God,What An Awesome God,212000,false
2025-11-099,Marshmello & Jelly Roll,Holy Water,Holy Water,149000,false
2025-11-100,Loe Shimmy & Don Toliver,Rockstar Junkie,3am,136000,true
2025-12-001,Taylor Swift,The Life of a Showgirl,The Fate Of Ophelia,226000,false
2025-12-002,HUNTR/X: EJAE & Audrey Nuna & REI AMI,KPop Demon Hunters (Soundtrack from the Netflix Film),Golden,192000,false
2025-12-003,Alex Warren,Ordinary,Ordinary,186000,false
2025-12-004,Olivia Dean,Man I Need,Man I Need,184000,false
2025-12-005,Mariah Carey,Merry Christmas,All I Want For Christmas Is You,239000,false
2025-12-006,Wham!,LAST CHRISTMAS,Last Christmas,264000,false
2025-12-007,Brenda Lee,Christmas Cookies,Rockin' Around The Christmas Tree,126000,false
2025-12-008,Bobby Helms,Jingle Bells,Jingle Bell Rock,130000,false
2025-12-009,Leon Thomas,MUTT,Mutt,193000,true
2025-12-010,Taylor Swift,The Life of a Showgirl,Opalite,235000,false
2025-12-011,Ella Langley,Choosin' Texas,Choosin' Texas,232000,false
2025-12-012,Kehlani,Folded,Folded,238000,false
2025-12-013,Ariana Grande,Santa Tell Me,Santa Tell Me,203000,false
2025-12-014,Justin Bieber,SWAG,Daisies,176000,false
2025-12-015,sombr,back to friends,Back To Friends,199000,false
2025-12-016,Morgan Wallen,I’m The Problem,I Got Better,205000,false
2025-12-017,Andy Williams,The Andy Williams Christmas Album,It's The Most Wonderful Time Of The Year,151000,false
2025-12-018,"Nat ""King"" Cole",The Christmas Song,The Christmas Song (Merry Christmas To You),190000,false
2025-12-019,Kelly Clarkson,Wrapped In Red,Underneath The Tree,229000,false
2025-12-020,The Ronettes,A Christmas Gift For You From Phil Spector,Sleigh Ride,181000,false
2025-12-021,Michael Buble,100 Greatest Christmas Songs Ever,It's Beginning To Look A Lot Like Christmas,206000,false
2025-12-022,Dean Martin,Let It Snow,Let It Snow! Let It Snow! Let It Snow!,116000,false
2025-12-023,Jose Feliciano,Feliz Navidad,Feliz Navidad,182000,false
2025-12-024,Burl Ives,Have A Holly Jolly Christmas,A Holly Jolly Christmas,128000,false
2025-12-025,Darlene Love,A Christmas Gift For You From Phil Spector,Christmas (Baby Please Come Home),166000,false
2025-12-026,Tate McRae,TIT FOR TAT,Tit For Tat,177000,true
2025-12-027,Olivia Dean,The Art of Loving,So Easy (To Fall In Love),169000,false
2025-12-028,Chris Brown Featuring Bryson Tiller,It Depends (feat. Bryson Tiller),It Depends,271000,true
2025-12-029,Tate McRae,SO CLOSE TO WHAT??? (deluxe),Nobody's Girl,166000,false
2025-12-030,Sabrina Carpenter,Manchild,Manchild,213000,true
2025-12-031,Frank Sinatra,The Voice: A Jolly Christmas from Frank Sinatra (1957 Plus Bonus Tracks),Jingle Bells,124000,false
2025-12-032,Riley Green Featuring Ella Langley,Don't Mind If I Do,Don't Mind If I Do,218000,false
2025-12-033,Sabrina Carpenter,Man’s Best Friend,Tears,160000,false
2025-12-034,Bing Crosby With Ken Darby Singers & John Scott Trotter & His Orchestra,Bing: A Musical Autobiography,White Christmas (1947),203000,false
2025-12-035,Saja Boys: Andrew Choi & Neckwav & Danny Chung & Kevin Woo & samUIL Lee,KPop Demon Hunters (Soundtrack from the Netflix Film),Soda Pop,150000,false
2025-12-036,Lainey Wilson,Somewhere Over Laredo,Somewhere Over Laredo,226000,false
2025-12-037,RAYE,WHERE IS MY HUSBAND!,Where Is My Husband!,196000,false
2025-12-038,Perry Como And The Fontane Sisters With Mitchell Ayres And His Orchestra,Greatest Christmas Songs,It's Beginning To Look A Lot Like Christmas,155000,false
2025-12-039,Chuck Berry,Rock 'N' Roll Rarities,Run Rudolph Run,162000,false
2025-12-040,Saja Boys: Andrew Choi & Neckwav & Danny Chung & Kevin Woo & samUIL Lee,KPop Demon Hunters (Soundtrack from the Netflix Film),Your Idol,191000,false
2025-12-041,KATSEYE,Gabriela,Gabriela,196000,false
2025-12-042,Gene Autry,The Essential Gene Autry,Here Comes Santa Claus (Right Down Santa Claus Lane),150000,false
2025-12-043,Cynthia Erivo & Ariana Grande,Wicked: For Good – The Soundtrack,For Good,377000,false
2025-12-044,Tate McRae,SO CLOSE TO WHAT??? (deluxe),Anything But Love,147000,true
2025-12-045,Nat King Cole,Nat King Cole - Christmas songs,Deck The Halls,64000,false
2025-12-046,BigXthaPlug Featuring Ella Langley,Hell At Night (feat. Ella Langley),Hell At Night,179000,false
2025-12-047,Gunna Featuring Burna Boy,Artist 2.0,wgft,188000,true
2025-12-048,Megan Moroney,6 Months Later,6 Months Later,182000,false
2025-12-049,Eartha Kitt With Henri Rene And His Orchestra,Heavenly Eartha,Santa Baby,206000,false
2025-12-050,Elvis Presley,Blue Christmas,Blue Christmas,128000,false
2025-12-051,Russell Dickerson,Happen To Me (feat. Jonas Brothers),Happen To Me,183000,false
2025-12-052,HUNTR/X: EJAE & Audrey Nuna & REI AMI,KPop Demon Hunters (Soundtrack from the Netflix Film),How It's Done,176000,false
2025-12-053,Taylor Swift,The Life of a Showgirl,Elizabeth Taylor,208000,false
2025-12-054,Disco Lines & Tinashe,No Broke Boys,No Broke Boys,163000,true
2025-12-055,Morgan Wallen,I’m The Problem,20 Cigarettes,160000,false
2025-12-056,Cynthia Erivo,Wicked: For Good – The Soundtrack,No Good Deed,230000,false
2025-12-057,Mariah The Scientist & Kali Uchis,Is It a Crime,Is It A Crime,181000,true
2025-12-058,Justin Bieber,SWAG,Yukon,164000,false
2025-12-059,Tate McRae,SO CLOSE TO WHAT??? (deluxe),Trying On Shoes,181000,true
2025-12-060,Hudson Westbrook,Hudson Westbrook,House Again,202000,false
2025-12-061,Myles Smith,A Minute...,Nice To Meet You,176000,false
2025-12-062,Cody Johnson,Travelin' Soldier,Travelin' Soldier,255000,false
2025-12-063,Max McNown,Night Diving,Better Me For You (Brown Eyes),194000,false
2025-12-064,YoungBoy Never Broke Again,Shot Callin,Shot Callin,225000,true
2025-12-065,Olivia Dean,The Art of Loving,A Couple Minutes,212000,false
2025-12-066,Parker McCollum,What Kinda Man,What Kinda Man,259000,false
2025-12-067,Tame Impala,Dracula (Remix),Dracula,209000,true
2025-12-068,Stray Kids,DO IT,Do It,159000,false
2025-12-069,Taylor Swift,The Life of a Showgirl,Father Figure,212000,true
2025-12-070,BreSkii & YKNIECE & Metro Boomin & DJ Spinz & Quavo,Metro Boomin Presents: A Futuristic Summa (Hosted by DJ Spinz),Take Me Thru Dere,162000,true
2025-12-071,Taylor Swift,The Life of a Showgirl,Wi$h Li$t,207000,true
2025-12-072,Gavin Adcock,Last One To Know,Last One To Know,177000,false
2025-12-073,Cody Johnson,Leather Deluxe Edition,The Fall,197000,false
2025-12-074,Luke Combs,Back in the Saddle,Back In The Saddle,213000,false
2025-12-075,Chase Matthew,We All Grow Up,Darlin',165000,false
2025-12-076,"Tyler, the Creator",DON'T TAP THE GLASS,Sugar On My Tongue,153000,true
2025-12-077,NF,FEAR,Fear,268000,false
2025-12-078,Olivia Dean,Nice To Each Other,Nice To Each Other,209000,false
2025-12-079,Cardi B,AM I THE DRAMA? (ErrTime Edition),ErrTime,146000,true
2025-12-080,Taylor Swift Featuring Sabrina Carpenter,The Life of a Showgirl,The Life Of A Showgirl,241000,true
2025-12-081,sombr,12 to 12,12 To 12,242000,false
2025-12-082,BigXthaPlug & Post Malone,Cold (feat. Post Malone),Cold,188000,false
2025-12-083,Doja Cat,Jealous Type,Jealous Type,163000,true
2025-12-084,Tate McRae,SO CLOSE TO WHAT??? (deluxe),Horseshoe,181000,true
2025-12-085,Shaboozey & Jelly Roll,Amen,Amen,197000,false
2025-12-086,HARDY,COUNTRY!,Favorite Country Song,193000,false
2025-12-087,Tucker Wetmore,"3,2,1","3,2,1",158000,false
2025-12-088,Luke Combs,The Prequel,Days Like These,221000,false
2025-12-089,G Herbo,Greatest Rapper Alive,Went Legit,140000,true
2025-12-090,Ed Sheeran,Play,Camera,215000,false
2025-12-091,Cynthia Erivo & Jonathan Bailey,Wicked: For Good – The Soundtrack,As Long As You're Mine,247000,false
2025-12-092,Jason Aldean,Songs About Us,How Far Does A Goodbye Go,235000,false
2025-12-093,Cardi B Featuring Kehlani,AM I THE DRAMA?,Safe,177000,true
2025-12-094,Lady Gaga,The Dead Dance,The Dead Dance,228000,false
2025-12-095,Olivia Dean,The Art of Loving,Let Alone The One You Love,186000,false
2025-12-096,Sabrina Carpenter,Man’s Best Friend,When Did You Get Hot?,145000,false
2025-12-097,Coldplay,Parachutes,Sparks,227000,false
2025-12-098,Taylor Swift,The Life of a Showgirl,Ruin The Friendship,220000,false
2025-12-099,YoungBoy Never Broke Again & Mellow Rackz,What You Is,What You Is,226000,true
2025-12-100,Ariana Grande,Wicked: For Good – The Soundtrack,The Girl In The Bubble,221000,false
