2EjXfH91m7f8HiJN1yQg97,2024-01-001
0bYg9bo50gSsH3LtXe2SQn,2024-01-002
7vQbuQcyTflfCIOu3Uzzya,2024-01-003
2FRnf9qhLbvw8fu4IBXx78,2024-01-004
77khP2fIVhSW23NwxrRluh,2024-01-005
5hslUAKq9I9CG2bAulFkHN,2024-01-006
2uFaJJtFpPDc5Pa95XzTvg,2024-01-007
7taXf5odg9xCAZERYfyOkS,2024-01-008
4xhsWYTOGcal8zt0J161CU,2024-01-009
5ASM6Qjiav2xPe7gRkQMsQ,2024-01-010
0lizgQ7Qw35od7CYaoMBZb,2024-01-011
3nAp4IvdMPPWEH9uuXFFV5,2024-01-013
3XsaSIPWvM61RIFfeb0BBR,2024-01-014
47ohYW8e7dxCYn9qbUMBCI,2024-01-015
0rHToGels2lt8Y0mCYoF90,2024-01-017
3QiAAp20rPC3dcAtKtMaqQ,2024-01-018
1BxfuPKGuaTgP7aM0Bbdwr,2024-01-019
1foCxQtxBweJtZmdxhEHVO,2024-01-020
25leEEaz1gIpp7o21Fqyjo,2024-01-021
2pnPe4pJtq7689i5ydzvJJ,2024-01-022
3it2BvJfyhPEWF3kD2TZJ1,2024-01-023
3rUGC1vUpkDG9CZFHMur1t,2024-01-024
5xlS0QkVrSH7ssEbBgBzbM,2024-01-025
1SV1fxF65n9NhRHp3KlBuu,2024-01-026
3QIoEi8Enr9uHffwInGIsC,2024-01-028
2IGMVunIBsBLtEQyoI1Mu7,2024-01-029
2QpN1ZVw8eJO5f7WcvUA1k,2024-01-030
5aIVCx5tnk0ntmdiinnYvw,2024-01-032
4qP2V09IpTct5A1ZSnr1zh,2024-01-033
38xhBO2AKrJnjdjVnhJES6,2024-01-034
5PyDJG7SQRgWXefgexqIge,2024-01-035
583dMdiUquLMenarTp7PQm,2024-01-036
7xapw9Oy21WpfEcib2ErSA,2024-01-037
3sDdyBHQ60Cs1opmIyRvhp,2024-01-038
7a9735egoLNcQydyEycs6g,2024-01-039
1OjmlSFuzYflWjSMTCyTJv,2024-01-040
47CctmFYrX4htszDZCVaLM,2024-01-041
15sxLiiChE5dCW3Y756oas,2024-01-043
4Sb8neYCkT7lyMIo2kOOEC,2024-01-044
34MC0a5RRdXsfOEPAKiEd9,2024-01-045
3bH2Eu9A9ymI4UnGHRmoXg,2024-01-046
1Lo0QY9cvc8sUB2vnIOxDT,2024-01-047
17phhZDn6oGtzMe56NuWvj,2024-01-048
1Iq8oo9XkmmvCQiGOfORiz,2024-01-049
0cVyQfDyRnMJ0V3rjjdlU3,2024-01-051
1a73gcEg6h6Re6hHXoVltJ,2024-01-053
0mflMxspEfB0VbI1kyLiAv,2024-01-054
1DgtQlVNotingln271ZKCx,2024-01-056
41WQUSINanQHfhfKpFDsms,2024-01-058
5x9ElMtD3xy0verHZWOGqr,2024-01-059
0J1YRLYhTG1MBosjidD7OI,2024-01-060
5ya0TmUQw2wHMkq36rPsnd,2024-01-061
0R6NfOiLzLj4O5VbYSJAjf,2024-01-062
0MIp9iBm1V41ERxkZnmSUG,2024-01-063
1o8Z7GD1CeOaVBEyuzu4HO,2024-01-064
3vkCueOmm7xQDoJ17W1Pm3,2024-01-065
4E63weMCaNZuGPEFMnuEi8,2024-01-066
4MjDJD8cW7iVeWInc2Bdyj,2024-01-068
5mjYQaktjmjcMKcUIcqz4s,2024-01-069
5Se32hEA9raeboZerywxka,2024-01-070
2gyxAWHebV7xPYVxqoi86f,2024-01-071
6CvTEtGagmzQvkUzzyKR9k,2024-01-073
0kE09o4Jdeu7vqjmkV1YJP,2024-01-074
05WVKTdZhlIMX4qqMLuo0f,2024-01-075
6CThut6kPrjot0pTJOTEer,2024-01-076
1mbGClliIFnN06tuMdnkZn,2024-01-077
7uxQZgOHsAKyG0Bb9CrNqO,2024-01-078
4DE4Vc0MR8bQyEl3etLz7T,2024-01-079
0eBFgRxyVSeuT4iyrbukdn,2024-01-080
5RqSsdzTNPX1uzkmlHCFvK,2024-01-081
3CWq0pAKKTWb0K4yiglDc4,2024-01-082
6rjuKpPydT2SxN15TZpV7r,2024-01-083
5DQU4Fmdx7Hs7pwtcZMSTK,2024-01-084
2x2olWuWXpqjoeE4bO1NFS,2024-01-085
09hVlIVHtEE1nLUv6YGZiW,2024-01-086
1eNcuubcKUmolS5S0gT4AT,2024-01-087
4bw8mcDUSRWfQo63ZTYRnU,2024-01-088
18uSfZqFBxQFi8CsXOIbhy,2024-01-090
3RMNNTzGv6qtLFBpZizYOb,2024-01-091
4qmG24ebshLXtKu9HIShBP,2024-01-092
2Zo1PcszsT9WQ0ANntJbID,2024-01-094
17cia5k4BpGVlyEfqrFH50,2024-01-095
34vXRJ2bCSFiZKQzVUYVOb,2024-01-096
2KslE17cAJNHTsI2MI0jb2,2024-01-097
4M68xjcc42oxyphhzpOWXS,2024-01-100
4xhsWYTOGcal8zt0J161CU,2024-02-001
1BxfuPKGuaTgP7aM0Bbdwr,2024-02-002
3rUGC1vUpkDG9CZFHMur1t,2024-02-003
17phhZDn6oGtzMe56NuWvj,2024-02-004
7gaA3wERFkFkgivjwbSvkG,2024-02-006
5PyDJG7SQRgWXefgexqIge,2024-02-007
2IGMVunIBsBLtEQyoI1Mu7,2024-02-008
4iZ4pt7kvcaH6Yo8UoZ4s2,2024-02-009
52eIcoLUM25zbQupAZYoFh,2024-02-010
5aIVCx5tnk0ntmdiinnYvw,2024-02-011
583dMdiUquLMenarTp7PQm,2024-02-012
0mflMxspEfB0VbI1kyLiAv,2024-02-013
4Sb8neYCkT7lyMIo2kOOEC,2024-02-014
3xkHsmpQCBMytMJNiDf3Ii,2024-02-015
1Lo0QY9cvc8sUB2vnIOxDT,2024-02-016
1Iq8oo9XkmmvCQiGOfORiz,2024-02-017
1DgtQlVNotingln271ZKCx,2024-02-018
2x2olWuWXpqjoeE4bO1NFS,2024-02-019
0R6NfOiLzLj4O5VbYSJAjf,2024-02-020
6XaJfhwof7qIgbbXO5tIQI,2024-02-022
6wf7Yu7cxBSPrRlWeSeK0Q,2024-02-023
5x9ElMtD3xy0verHZWOGqr,2024-02-025
0MIp9iBm1V41ERxkZnmSUG,2024-02-026
7DSAEUvxU8FajXtRloy8M0,2024-02-027
0cVyQfDyRnMJ0V3rjjdlU3,2024-02-028
1a73gcEg6h6Re6hHXoVltJ,2024-02-029
2yUzr8Sr6ldG8vmHhZwTnz,2024-02-030
0eBFgRxyVSeuT4iyrbukdn,2024-02-031
4rXLjWdF2ZZpXCVTfWcshS,2024-02-032
07on0OB2cdPt79IFsgdRUy,2024-02-033
0kE09o4Jdeu7vqjmkV1YJP,2024-02-035
1vYXt7VSjH9JIM5oRRo7vA,2024-02-036
2Zo1PcszsT9WQ0ANntJbID,2024-02-037
1kuGVB7EU95pJObxwvfwKS,2024-02-038
5ya0TmUQw2wHMkq36rPsnd,2024-02-039
3vkCueOmm7xQDoJ17W1Pm3,2024-02-040
0J1YRLYhTG1MBosjidD7OI,2024-02-042
0WIv5qV41y6YjjB9V1biuC,2024-02-044
5mjYQaktjmjcMKcUIcqz4s,2024-02-045
4DE4Vc0MR8bQyEl3etLz7T,2024-02-046
4E63weMCaNZuGPEFMnuEi8,2024-02-047
6CThut6kPrjot0pTJOTEer,2024-02-048
1o8Z7GD1CeOaVBEyuzu4HO,2024-02-049
5DQU4Fmdx7Hs7pwtcZMSTK,2024-02-050
4tKGFmENO69tZR9ahgZu48,2024-02-051
6x9pCndnXEoea0CMcfjs9W,2024-02-052
05WVKTdZhlIMX4qqMLuo0f,2024-02-053
2gyxAWHebV7xPYVxqoi86f,2024-02-054
2FoahzOSxJnalPA8aBUme3,2024-02-055
6CvTEtGagmzQvkUzzyKR9k,2024-02-056
5wttBUDyaHAR5q9fYnN3YF,2024-02-057
2TOO5Dp8mlKhSq8xTGPXwX,2024-02-058
09hVlIVHtEE1nLUv6YGZiW,2024-02-059
5Se32hEA9raeboZerywxka,2024-02-060
779jpZikRmH99DiSVpwCHD,2024-02-061
3QS9ZCtoSCJhmaJ7QNXSAS,2024-02-062
4Xzq2WibDHR5Eufi21HlEZ,2024-02-063
6rjuKpPydT2SxN15TZpV7r,2024-02-065
4MjDJD8cW7iVeWInc2Bdyj,2024-02-066
7CyPwkp0oE8Ro9Dd5CUDjW,2024-02-067
72s47svN0csVk41h0LdbSe,2024-02-070
2K7sv1mno9PvbXVBpqvSKn,2024-02-071
2eGvz6O6tVnh9nKiitDEhZ,2024-02-072
5NU6kBZORKaoqS09mOqgXs,2024-02-073
0QCX3BlNcJqaH0MPM7WL1X,2024-02-074
4QTlxavdQGUVitxAvQqqkU,2024-02-075
0fyP96TikhD9sM4eKqw5Yp,2024-02-076
34vXRJ2bCSFiZKQzVUYVOb,2024-02-078
6RcAHyC5sAUIbPTkhOQwd8,2024-02-082
7iQXYTyuG13aoeHxGG28Nh,2024-02-083
1HbzxLqpNVPdiBXvpC7Ovb,2024-02-084
2KslE17cAJNHTsI2MI0jb2,2024-02-085
6OkWyVg3hy8w3GDlYpYiic,2024-02-086
4bw8mcDUSRWfQo63ZTYRnU,2024-02-088
0OWhKvvsHptt6vnnNUSM9a,2024-02-089
17cia5k4BpGVlyEfqrFH50,2024-02-091
4kjI1gwQZRKNDkw1nI475M,2024-02-092
3eP13S8D5m2cweMEg3ZDed,2024-02-093
7kp6XhIxrvNb8BgTwLjaEx,2024-02-095
44G2gUVQvNNZ6w3i05tR4n,2024-02-096
4OzS0O0i88cGeu8YklCHrT,2024-02-097
7odvRjPaSvrPit3jmqaoHS,2024-02-098
1mbGClliIFnN06tuMdnkZn,2024-02-099
4yLyVdEqV790aIXyGif85v,2024-02-100
0Z7nGFVCLfixWctgePsRk9,2024-03-001
4xhsWYTOGcal8zt0J161CU,2024-03-002
17phhZDn6oGtzMe56NuWvj,2024-03-003
3xkHsmpQCBMytMJNiDf3Ii,2024-03-005
4iZ4pt7kvcaH6Yo8UoZ4s2,2024-03-006
1BxfuPKGuaTgP7aM0Bbdwr,2024-03-007
3rUGC1vUpkDG9CZFHMur1t,2024-03-008
5PyDJG7SQRgWXefgexqIge,2024-03-010
7gaA3wERFkFkgivjwbSvkG,2024-03-011
0mflMxspEfB0VbI1kyLiAv,2024-03-012
1Lo0QY9cvc8sUB2vnIOxDT,2024-03-013
5aIVCx5tnk0ntmdiinnYvw,2024-03-014
583dMdiUquLMenarTp7PQm,2024-03-015
52eIcoLUM25zbQupAZYoFh,2024-03-016
4Sb8neYCkT7lyMIo2kOOEC,2024-03-017
1Iq8oo9XkmmvCQiGOfORiz,2024-03-018
0MIp9iBm1V41ERxkZnmSUG,2024-03-019
7DSAEUvxU8FajXtRloy8M0,2024-03-020
2IGMVunIBsBLtEQyoI1Mu7,2024-03-021
5x9ElMtD3xy0verHZWOGqr,2024-03-022
0WIv5qV41y6YjjB9V1biuC,2024-03-023
2x2olWuWXpqjoeE4bO1NFS,2024-03-024
0R6NfOiLzLj4O5VbYSJAjf,2024-03-025
0eBFgRxyVSeuT4iyrbukdn,2024-03-026
0hn632ADBvcrXJprwj6Ry2,2024-03-027
5DQU4Fmdx7Hs7pwtcZMSTK,2024-03-028
2Zo1PcszsT9WQ0ANntJbID,2024-03-029
6wf7Yu7cxBSPrRlWeSeK0Q,2024-03-030
57wp7VFnV8X0pSVnYArGeJ,2024-03-032
6CThut6kPrjot0pTJOTEer,2024-03-033
0QosomGFiJYOxj2ViZfqng,2024-03-034
1kuGVB7EU95pJObxwvfwKS,2024-03-036
0kE09o4Jdeu7vqjmkV1YJP,2024-03-037
1o8Z7GD1CeOaVBEyuzu4HO,2024-03-038
3h5TiWTqGxjSjFrbruPFH9,2024-03-039
4E63weMCaNZuGPEFMnuEi8,2024-03-041
5NAOhPAZ57eFAXr3qatS6i,2024-03-042
1vYXt7VSjH9JIM5oRRo7vA,2024-03-043
07on0OB2cdPt79IFsgdRUy,2024-03-044
5ya0TmUQw2wHMkq36rPsnd,2024-03-046
09hVlIVHtEE1nLUv6YGZiW,2024-03-048
0J1YRLYhTG1MBosjidD7OI,2024-03-049
4DE4Vc0MR8bQyEl3etLz7T,2024-03-050
3qhlB30KknSejmIvZZLjOD,2024-03-051
6bryx7HyB4lVDc0KQXuoJ0,2024-03-052
7BPadP3q9qwMkho3IMPU99,2024-03-053
6XXxKsu3RJeN3ZvbMYrgQW,2024-03-055
0cbVD7WpHVdHUKwoolzhCZ,2024-03-057
7CyPwkp0oE8Ro9Dd5CUDjW,2024-03-058
3g9UquSEBErZiXSDa02YfG,2024-03-059
69phA1R4gmQsBFRQ3INW8C,2024-03-060
4UkUxO2WlKLc0Q1iEutGGh,2024-03-061
5NU6kBZORKaoqS09mOqgXs,2024-03-062
4tKGFmENO69tZR9ahgZu48,2024-03-063
5Se32hEA9raeboZerywxka,2024-03-064
4w2Furap0ZzaiK4J14E9sR,2024-03-065
1a73gcEg6h6Re6hHXoVltJ,2024-03-066
79AHPJd8upvNxyK2qQcY8J,2024-03-068
2eGvz6O6tVnh9nKiitDEhZ,2024-03-069
0PHrcmOtDE89ew4vVEaD7S,2024-03-070
47Xj8eIAp7hYOOqArmkqZE,2024-03-071
779jpZikRmH99DiSVpwCHD,2024-03-072
0FlwhvrncUKrEAhzunmCKm,2024-03-073
3QS9ZCtoSCJhmaJ7QNXSAS,2024-03-075
6XaJfhwof7qIgbbXO5tIQI,2024-03-076
2yUzr8Sr6ldG8vmHhZwTnz,2024-03-077
6d3QUBsiAw3aZI6F2mMhzk,2024-03-078
05WVKTdZhlIMX4qqMLuo0f,2024-03-079
6CvTEtGagmzQvkUzzyKR9k,2024-03-080
2KslE17cAJNHTsI2MI0jb2,2024-03-081
7yfRb4seXT7w8zVMW0dXNa,2024-03-082
1fLTi1wA2FPONA5SAIoKJX,2024-03-084
5A8xI7PN4WDe9e61xEdt94,2024-03-086
6OkWyVg3hy8w3GDlYpYiic,2024-03-087
4QTlxavdQGUVitxAvQqqkU,2024-03-088
2dyAiC9k6s0mWnMSQRQJGd,2024-03-089
7iQXYTyuG13aoeHxGG28Nh,2024-03-090
44G2gUVQvNNZ6w3i05tR4n,2024-03-091
0OWhKvvsHptt6vnnNUSM9a,2024-03-092
3FqUPvubYeRCMsdJ02QyZR,2024-03-093
1oNaDXXu9I4UCJ8Fh0Hfjg,2024-03-094
7kp6XhIxrvNb8BgTwLjaEx,2024-03-095
4MjDJD8cW7iVeWInc2Bdyj,2024-03-097
0wXThIDxO3YRJCpPgnmbkw,2024-03-098
1HbzxLqpNVPdiBXvpC7Ovb,2024-03-099
2tudvzsrR56uom6smgOcSf,2024-04-001
28drn6tQo95MRvO0jQEo5C,2024-04-002
3xkHsmpQCBMytMJNiDf3Ii,2024-04-003
17phhZDn6oGtzMe56NuWvj,2024-04-004
19XpFsce28aByvCC4g89tJ,2024-04-005
0hKtu53OlIFXVuYkZwcn3o,2024-04-006
4xhsWYTOGcal8zt0J161CU,2024-04-007
1pnDvUuAEd6z8bKEsbAjk1,2024-04-008
3OxL6MuctgZp1e0zxoAZhH,2024-04-009
51ZQ1vr10ffzbwIjDCwqm4,2024-04-010
0Z7nGFVCLfixWctgePsRk9,2024-04-011
70ToiXlzl8N1EgfC07ZcZE,2024-04-013
6tNgRQ0K2NYZ0Rb9l9DzL8,2024-04-014
1BxfuPKGuaTgP7aM0Bbdwr,2024-04-016
3rUGC1vUpkDG9CZFHMur1t,2024-04-017
0mflMxspEfB0VbI1kyLiAv,2024-04-018
5aIVCx5tnk0ntmdiinnYvw,2024-04-019
2GLWhy9iiO1wrLUF5l4FtJ,2024-04-020
3qhlB30KknSejmIvZZLjOD,2024-04-021
5PyDJG7SQRgWXefgexqIge,2024-04-022
4iZ4pt7kvcaH6Yo8UoZ4s2,2024-04-023
57ELn9TPDIhrpl0dasS465,2024-04-024
1Lo0QY9cvc8sUB2vnIOxDT,2024-04-025
040I32EKLxQrkuxQu1pqvT,2024-04-026
7pBcryEKcUEaWHwAu1wUyP,2024-04-027
6UmKnXmG7VmYqFnmSPOfRj,2024-04-028
2x2olWuWXpqjoeE4bO1NFS,2024-04-029
52eIcoLUM25zbQupAZYoFh,2024-04-030
57wp7VFnV8X0pSVnYArGeJ,2024-04-032
28xOPIPw0joNPwYd0asIT5,2024-04-033
0WIv5qV41y6YjjB9V1biuC,2024-04-034
2Zo1PcszsT9WQ0ANntJbID,2024-04-035
4q7y1JFDBJSBSLqXVgcI51,2024-04-036
3Vg7nPYlOrCkcV1abKbRQ1,2024-04-038
6CThut6kPrjot0pTJOTEer,2024-04-039
4XF9fk0STp9hx8xn5Suwpz,2024-04-040
72qABvaqn3TP6drO2tByA6,2024-04-041
5x9ElMtD3xy0verHZWOGqr,2024-04-042
2IGMVunIBsBLtEQyoI1Mu7,2024-04-043
3j4AWNKYVeL9njKINCTzKm,2024-04-044
51eSHglvG1RJXtL3qI5trr,2024-04-045
0QosomGFiJYOxj2ViZfqng,2024-04-046
1Iq8oo9XkmmvCQiGOfORiz,2024-04-047
5NU6kBZORKaoqS09mOqgXs,2024-04-048
5A8xI7PN4WDe9e61xEdt94,2024-04-049
0eBFgRxyVSeuT4iyrbukdn,2024-04-050
09hVlIVHtEE1nLUv6YGZiW,2024-04-051
1xwvjqcwflD2NEqRCNcCo2,2024-04-052
2uqYupMHANxnwgeiXTZXzd,2024-04-053
5imsnhkfPCm3wajS9ksb21,2024-04-054
0kE09o4Jdeu7vqjmkV1YJP,2024-04-055
0R6NfOiLzLj4O5VbYSJAjf,2024-04-056
4E63weMCaNZuGPEFMnuEi8,2024-04-057
5Jh1i0no3vJ9u4deXkb4aV,2024-04-058
6d3QUBsiAw3aZI6F2mMhzk,2024-04-059
0Lmbke3KNVFXtoH2mMSHCw,2024-04-060
7gaA3wERFkFkgivjwbSvkG,2024-04-061
30TcFxtFyju8isK6Hjo9KY,2024-04-062
6bryx7HyB4lVDc0KQXuoJ0,2024-04-063
779jpZikRmH99DiSVpwCHD,2024-04-064
3Pbp7cUCx4d3OAkZSCoNvn,2024-04-065
3h5TiWTqGxjSjFrbruPFH9,2024-04-067
3YyTyWfSwAhesGCKpnuRKl,2024-04-069
2GxrNKugF82CnoRFbQfzPf,2024-04-070
0hn632ADBvcrXJprwj6Ry2,2024-04-071
2dYXrWkNO40NXy2Q3IYLRc,2024-04-072
3VeR05PCure0YL3pHl5aI9,2024-04-073
7CyPwkp0oE8Ro9Dd5CUDjW,2024-04-074
2U3jOPfO4wZZFaaWS4Dcj6,2024-04-075
4QTlxavdQGUVitxAvQqqkU,2024-04-076
0PHrcmOtDE89ew4vVEaD7S,2024-04-077
0wXThIDxO3YRJCpPgnmbkw,2024-04-079
142PiXzA84lmEw2RstFHFa,2024-04-080
3FqUPvubYeRCMsdJ02QyZR,2024-04-081
1a73gcEg6h6Re6hHXoVltJ,2024-04-082
2eGvz6O6tVnh9nKiitDEhZ,2024-04-084
5NAOhPAZ57eFAXr3qatS6i,2024-04-085
1Rweq7vNjK4kZBbGrmxQsl,2024-04-086
3RwWW7KeVhHGayYJgUL5eZ,2024-04-087
6XMAfR9vFRfEnt4Qd92ijY,2024-04-088
44G2gUVQvNNZ6w3i05tR4n,2024-04-089
7JqH46zlr7XV7vMBt4slE6,2024-04-090
47Xj8eIAp7hYOOqArmkqZE,2024-04-091
69phA1R4gmQsBFRQ3INW8C,2024-04-092
5t5tLsfuyOyyuXF96M4g2a,2024-04-093
5Se32hEA9raeboZerywxka,2024-04-094
1fLTi1wA2FPONA5SAIoKJX,2024-04-095
4DE4Vc0MR8bQyEl3etLz7T,2024-04-096
2hNQDbZcN3vqRAuwiz7poI,2024-04-097
5wforvgKtj48IUDCGhnMqZ,2024-04-098
0bJAmhSAeMSfsyazOEUVFf,2024-04-099
2E0bqoMlIb2xmFyZHRjtzK,2024-04-100
2F3N9tdombb64aW6VtZOdo,2024-05-002
4q5YezDOIPcoLr8R81x9qy,2024-05-003
4PdLaGZubp4lghChqp8erB,2024-05-004
7wAkQFShJ27V8362MqevQr,2024-05-005
7uGYWMwRy24dm7RUDDhUlD,2024-05-006
4QMgEffJQuKtjCNvqfRZ0m,2024-05-007
36t6frENUtCYKuZus6aYDO,2024-05-009
799KrpEbhZp0MHeiA8YK9P,2024-05-010
7IWcDWOfiooH5hRs9XOVYz,2024-05-011
3YkNIrAvbKNrrwwEd7NVLl,2024-05-012
1tuNqJOtRQVHvONR8Lg3MZ,2024-05-013
1xtw1krCR6Dw2KwkXw5z63,2024-05-014
3xkHsmpQCBMytMJNiDf3Ii,2024-05-015
19XpFsce28aByvCC4g89tJ,2024-05-016
2tudvzsrR56uom6smgOcSf,2024-05-017
17phhZDn6oGtzMe56NuWvj,2024-05-018
3eh51r6rFWAlGQRlHx9QnQ,2024-05-019
5chnRTB9qMK3W1M41SnU9s,2024-05-020
4d9PtIEVij9jW5OaLinH66,2024-05-021
2qSkIjg1o9h3YT9RAgYN75,2024-05-022
7ogK4lJDVDMU6A6vYR5rvD,2024-05-023
7Mts0OfPorF4iwOomvfqn1,2024-05-024
62E2nR0od0M5HYxuYLaDz7,2024-05-025
1kcwpPDQnqEqmezzXdJTCP,2024-05-026
2FQrifJ1N335Ljm3TjTVVf,2024-05-027
4xhsWYTOGcal8zt0J161CU,2024-05-028
040I32EKLxQrkuxQu1pqvT,2024-05-029
4EF6IyONolQy0bIQXm2EmX,2024-05-030
0Z7nGFVCLfixWctgePsRk9,2024-05-031
18WFFUIsewmA8g31KAeo3e,2024-05-032
51ZQ1vr10ffzbwIjDCwqm4,2024-05-033
3hlGuz3loYoLfI3bpwieWq,2024-05-034
5Bedn0svl0ZD7RGmJkmKKw,2024-05-035
1rmEsOezwf2lmIZTMAO5Ag,2024-05-036
0mflMxspEfB0VbI1kyLiAv,2024-05-037
2GxrNKugF82CnoRFbQfzPf,2024-05-038
1Zai5UJ2di3qEuR2HeT2s8,2024-05-039
1BxfuPKGuaTgP7aM0Bbdwr,2024-05-041
3rUGC1vUpkDG9CZFHMur1t,2024-05-042
28drn6tQo95MRvO0jQEo5C,2024-05-043
0g4fMVo4JjwnIpTfFfLdxS,2024-05-044
5PyDJG7SQRgWXefgexqIge,2024-05-045
3zMDGj4D8ogaYgAIZPeU7S,2024-05-046
2913xXOVAIDAqxzV2g4VcU,2024-05-047
7mOC6phfrfz3jfigg1aGsE,2024-05-048
6UmKnXmG7VmYqFnmSPOfRj,2024-05-049
2Zo1PcszsT9WQ0ANntJbID,2024-05-050
1DTRUYVd8rYpla9hhVVwjo,2024-05-051
1a73gcEg6h6Re6hHXoVltJ,2024-05-053
57wp7VFnV8X0pSVnYArGeJ,2024-05-054
2CnjDMdpRjlWv04Xk3s6MW,2024-05-055
3qhlB30KknSejmIvZZLjOD,2024-05-056
52eIcoLUM25zbQupAZYoFh,2024-05-057
5A8xI7PN4WDe9e61xEdt94,2024-05-059
2uqYupMHANxnwgeiXTZXzd,2024-05-060
2x2olWuWXpqjoeE4bO1NFS,2024-05-061
0WbMK4wrZ1wFSty9F7FCgu,2024-05-062
0WIv5qV41y6YjjB9V1biuC,2024-05-064
0wXThIDxO3YRJCpPgnmbkw,2024-05-065
3I3eUAnjfJ3XtqgQJda5u5,2024-05-066
0kE09o4Jdeu7vqjmkV1YJP,2024-05-068
51eSHglvG1RJXtL3qI5trr,2024-05-069
0hKtu53OlIFXVuYkZwcn3o,2024-05-070
6d3QUBsiAw3aZI6F2mMhzk,2024-05-071
5KtUilYzUZOvhyrLTlLoXT,2024-05-073
6tNgRQ0K2NYZ0Rb9l9DzL8,2024-05-074
6bryx7HyB4lVDc0KQXuoJ0,2024-05-075
3EO58D1YpHnTvBy68gK8HE,2024-05-076
4QTlxavdQGUVitxAvQqqkU,2024-05-077
1Qvo9ZyBWoedUiOc0zTCbm,2024-05-078
6rVuwfysYo1Bp4Hoc4YuE0,2024-05-079
3j4AWNKYVeL9njKINCTzKm,2024-05-080
3Pbp7cUCx4d3OAkZSCoNvn,2024-05-082
0R6NfOiLzLj4O5VbYSJAjf,2024-05-083
1UP7PXne1lIYZB5G5aiRGL,2024-05-084
3h76tbaYIamSeJL81X7ZwI,2024-05-085
2E0bqoMlIb2xmFyZHRjtzK,2024-05-086
3FqUPvubYeRCMsdJ02QyZR,2024-05-087
7sVbKoBdhXtYCEOO6qC1SN,2024-05-088
7CyPwkp0oE8Ro9Dd5CUDjW,2024-05-089
55i5Hdv7VkcQtXCn1zyvKg,2024-05-090
5NU6kBZORKaoqS09mOqgXs,2024-05-091
2hNQDbZcN3vqRAuwiz7poI,2024-05-092
1fAeFPXsX08Ovnn9iV1x27,2024-05-093
3h5TiWTqGxjSjFrbruPFH9,2024-05-094
51TCxtQ1u4Qi655ekjDCZD,2024-05-095
3cmdqMDc0Fj4TgPeyDOYTM,2024-05-096
4FgvZaxSi4fwCLEc5tFV00,2024-05-097
47Xj8eIAp7hYOOqArmkqZE,2024-05-098
779jpZikRmH99DiSVpwCHD,2024-05-099
0QosomGFiJYOxj2ViZfqng,2024-05-100
6AI3ezQ4o3HUoP6Dhudph3,2024-06-002
5AJ9hqTS2wcFQCELCFRO7A,2024-06-003
2FQrifJ1N335Ljm3TjTVVf,2024-06-004
629DixmZGHc7ILtEntuiWE,2024-06-005
2qSkIjg1o9h3YT9RAgYN75,2024-06-006
17phhZDn6oGtzMe56NuWvj,2024-06-007
3xkHsmpQCBMytMJNiDf3Ii,2024-06-008
19XpFsce28aByvCC4g89tJ,2024-06-009
2tudvzsrR56uom6smgOcSf,2024-06-011
7BRD7x5pt8Lqa1eGYC4dzj,2024-06-012
6dOtVTDdiauQNBQEDOtlAB,2024-06-013
040I32EKLxQrkuxQu1pqvT,2024-06-014
51ZQ1vr10ffzbwIjDCwqm4,2024-06-015
77DRzu7ERs0TX3roZcre7Q,2024-06-016
3QaPy1KgI7nu9FJEQUgn6h,2024-06-017
1CsMKhwEmNnmvHUuO5nryA,2024-06-018
0mflMxspEfB0VbI1kyLiAv,2024-06-020
4xhsWYTOGcal8zt0J161CU,2024-06-021
6fPan2saHdFaIHuTSatORv,2024-06-022
6GG4yyk3UATdBfTHVgI8PB,2024-06-023
6TGd66r0nlPaYm3KIoI7ET,2024-06-024
2prqm9sPLj10B4Wg0wE5x9,2024-06-025
4q5YezDOIPcoLr8R81x9qy,2024-06-026
2Zo1PcszsT9WQ0ANntJbID,2024-06-028
4pkb8SbRGeHAvdb87v9rpf,2024-06-029
2F3N9tdombb64aW6VtZOdo,2024-06-030
1LLUoftvmTjVNBHZoQyveF,2024-06-031
6UmKnXmG7VmYqFnmSPOfRj,2024-06-032
5A8xI7PN4WDe9e61xEdt94,2024-06-033
2uqYupMHANxnwgeiXTZXzd,2024-06-034
0wXThIDxO3YRJCpPgnmbkw,2024-06-035
7DpUoxGSdlDHfqCYj0otzU,2024-06-036
4Na2HfNSr58chvfX69fy36,2024-06-037
3rUGC1vUpkDG9CZFHMur1t,2024-06-038
2GxrNKugF82CnoRFbQfzPf,2024-06-039
28drn6tQo95MRvO0jQEo5C,2024-06-040
3qhlB30KknSejmIvZZLjOD,2024-06-041
5PyDJG7SQRgWXefgexqIge,2024-06-042
0WbMK4wrZ1wFSty9F7FCgu,2024-06-043
6rVuwfysYo1Bp4Hoc4YuE0,2024-06-044
36t6frENUtCYKuZus6aYDO,2024-06-045
3dzRwqd1L3HqxmViUJt20A,2024-06-047
1wFFFzJ5EsKbBWZriAcubN,2024-06-048
57wp7VFnV8X0pSVnYArGeJ,2024-06-049
7mOC6phfrfz3jfigg1aGsE,2024-06-050
51eSHglvG1RJXtL3qI5trr,2024-06-051
