track_id,billboard_id
0bYg9bo50gSsH3LtXe2SQn,2025-01-001
2EjXfH91m7f8HiJN1yQg97,2025-01-002
2FRnf9qhLbvw8fu4IBXx78,2025-01-003
7vQbuQcyTflfCIOu3Uzzya,2025-01-004
0lizgQ7Qw35od7CYaoMBZb,2025-01-005
77khP2fIVhSW23NwxrRluh,2025-01-006
5hslUAKq9I9CG2bAulFkHN,2025-01-007
2uFaJJtFpPDc5Pa95XzTvg,2025-01-008
3nAp4IvdMPPWEH9uuXFFV5,2025-01-009
4PS1e8f2LvuTFgUs1Cn3ON,2025-01-010
7taXf5odg9xCAZERYfyOkS,2025-01-011
3it2BvJfyhPEWF3kD2TZJ1,2025-01-012
5ASM6Qjiav2xPe7gRkQMsQ,2025-01-013
2pnPe4pJtq7689i5ydzvJJ,2025-01-014
47ohYW8e7dxCYn9qbUMBCI,2025-01-015
2pXpURmn6zC5ZYDMms6fwa,2025-01-016
2plbrEY59IikOBgBGLjaoe,2025-01-017
3XsaSIPWvM61RIFfeb0BBR,2025-01-019
0rHToGels2lt8Y0mCYoF90,2025-01-020
3QiAAp20rPC3dcAtKtMaqQ,2025-01-021
1foCxQtxBweJtZmdxhEHVO,2025-01-022
25leEEaz1gIpp7o21Fqyjo,2025-01-023
2FQrifJ1N335Ljm3TjTVVf,2025-01-024
5xlS0QkVrSH7ssEbBgBzbM,2025-01-025
1SV1fxF65n9NhRHp3KlBuu,2025-01-026
2CGNAOSuO1MEFCbBRgUzjd,2025-01-027
6dOtVTDdiauQNBQEDOtlAB,2025-01-028
3QIoEi8Enr9uHffwInGIsC,2025-01-029
34MC0a5RRdXsfOEPAKiEd9,2025-01-030
7a9735egoLNcQydyEycs6g,2025-01-031
7ne4VBA60CxGM75vw0EYad,2025-01-033
5vNRhkKd0yEAg8suGBpjeY,2025-01-034
38xhBO2AKrJnjdjVnhJES6,2025-01-035
4MrfQL4TYQXJBlZYpAHTuE,2025-01-036
6rqn19AqjcM5wgI1hCYciJ,2025-01-037
3bH2Eu9A9ymI4UnGHRmoXg,2025-01-038
1OjmlSFuzYflWjSMTCyTJv,2025-01-039
4qP2V09IpTct5A1ZSnr1zh,2025-01-040
5G2f63n7IPVPPjfNIGih7Q,2025-01-041
7xapw9Oy21WpfEcib2ErSA,2025-01-042
7uoFMmxln0GPXQ0AcCBXRq,2025-01-043
0nj9Bq5sHDiTxSHunhgkFb,2025-01-044
3aSWXU6owkZeVhh94XxEWO,2025-01-045
2qSkIjg1o9h3YT9RAgYN75,2025-01-046
12YAgUbl6Uk9E7fzopF4Ji,2025-01-048
3sDdyBHQ60Cs1opmIyRvhp,2025-01-049
6AmX1prfczuShQeuL54TVN,2025-01-050
0FIDCNYYjNvPVimz5icugS,2025-01-051
3tFed7YsjGnIfxeLEQwx3R,2025-01-052
5mAGsieQbw180sYdL3RMKk,2025-01-053
5xeSd4HgzrYpNLEf3LfYLK,2025-01-054
3U3hFkMr0Q90pD24EkE3Pr,2025-01-055
6Dpex5v3xDRTaIW8dcdvP2,2025-01-056
1FhgmMvNlh3nJ1Ldc2eE6H,2025-01-057
21IYMdzTrzSe191Cy5eMap,2025-01-058
2qYbtIf8dRkBkKIcZVGFDq,2025-01-059
1UHS8Rf6h5Ar3CDWRd3wjF,2025-01-060
3SKH53SPQbEnZR4cJPVaz2,2025-01-061
0SCIwbS0Q4etwJmDyNjHaQ,2025-01-062
2E7a96qey4AzSOdK6H21vS,2025-01-063
0GxQ1A5L9xnMOytbP6eKBG,2025-01-064
3EO58D1YpHnTvBy68gK8HE,2025-01-065
1k2pQc5i348DCHwbn5KTdc,2025-01-067
1cOboCuWYI2osTOfolMRS6,2025-01-068
3obGrchYRmtO5rk4O2ZtLZ,2025-01-069
1g7pFO1WtclKCuIQiS8sNM,2025-01-070
3VPeA7IW68QRNTfgzb6biZ,2025-01-071
3t6gUcGYLrUuqwpXjOFWQc,2025-01-072
4tfOoCcYPtb08J5HWlSo3r,2025-01-073
3siwsiaEoU4Kuuc9WKMUy5,2025-01-074
3OfqwyE7RrZrtuxCRixfII,2025-01-076
6pheMGrfMwwnypqafU7d4k,2025-01-078
7eCVm5KcpFrDhx6XHkF3t6,2025-01-079
0qpdzfTxAkOREtvvGO5oew,2025-01-080
4avmVqU2f00LGiYMuOAuVy,2025-01-081
0l0vcZMU7AOeQmUIREoI2U,2025-01-083
0llPOBVoJYDAtdmVlNE41A,2025-01-084
6txAWGckgEGJIhLjhNdtE9,2025-01-085
487JCvAXVblflZyDJn3fSp,2025-01-086
08wyXJO5ZcqloLYbpufenQ,2025-01-087
6hZvOA9oBZZM812GNDLjEb,2025-01-088
4jHl6jgzZOnS4nGamPZ1Uk,2025-01-089
5gOfC9UzZQzTyShqPMrpjT,2025-01-090
7z7kvUQGwlC6iOl7vMuAr9,2025-01-091
2QxekHjOYDnzNO5w8hu2D9,2025-01-092
2vmDrjY4Py8lBYwzOp8utT,2025-01-093
2z865bsdfckaBVck8MSAm8,2025-01-094
5VHRiH48pBB008CAkrIBwP,2025-01-095
5lKFO0PrOC9jmOlPEdjHsL,2025-01-096
0U60hgxzGit7juEuHul2y3,2025-01-097
3i8fIJNV0yuC4kXT3SkVBZ,2025-01-098
3Gn1zuHNLtGuGEOXwq0k7e,2025-01-099
2plbrEY59IikOBgBGLjaoe,2025-02-001
3sK8wGT43QFpWrvNQsrQya,2025-02-002
5vNRhkKd0yEAg8suGBpjeY,2025-02-003
2FQrifJ1N335Ljm3TjTVVf,2025-02-004
2CGNAOSuO1MEFCbBRgUzjd,2025-02-005
6dOtVTDdiauQNBQEDOtlAB,2025-02-006
17phhZDn6oGtzMe56NuWvj,2025-02-007
7ne4VBA60CxGM75vw0EYad,2025-02-008
2lTm559tuIvatlT1u0JYG2,2025-02-009
5mAGsieQbw180sYdL3RMKk,2025-02-010
2qSkIjg1o9h3YT9RAgYN75,2025-02-011
5G2f63n7IPVPPjfNIGih7Q,2025-02-014
5TFD2bmFKGhoCRbX61nXY5,2025-02-015
3xkHsmpQCBMytMJNiDf3Ii,2025-02-016
0FIDCNYYjNvPVimz5icugS,2025-02-017
0TaLETmF6CvzLKukgBXERn,2025-02-018
19XpFsce28aByvCC4g89tJ,2025-02-020
0nj9Bq5sHDiTxSHunhgkFb,2025-02-021
3Vr3zh0r7ALn8VLqCiRR10,2025-02-022
3aSWXU6owkZeVhh94XxEWO,2025-02-023
3SKH53SPQbEnZR4cJPVaz2,2025-02-024
7tI8dRuH2Yc6RuoTjxo4dU,2025-02-025
59D4DOkspUbWyMmbAPQkxZ,2025-02-026
0WbMK4wrZ1wFSty9F7FCgu,2025-02-027
1FhgmMvNlh3nJ1Ldc2eE6H,2025-02-028
6AI3ezQ4o3HUoP6Dhudph3,2025-02-029
6J5kc12BW5HuP3d7C3vvx8,2025-02-030
3U3hFkMr0Q90pD24EkE3Pr,2025-02-031
5xeSd4HgzrYpNLEf3LfYLK,2025-02-032
21IYMdzTrzSe191Cy5eMap,2025-02-033
7d6yK8v8J484SWH5prIQiE,2025-02-034
1UHS8Rf6h5Ar3CDWRd3wjF,2025-02-035
0iKo4pNNjHHdKUcFARlfCa,2025-02-036
3siwsiaEoU4Kuuc9WKMUy5,2025-02-037
7HDq8aEtkBeZq7gfzYjW28,2025-02-038
5WEF0icHWmAZBBMglBd599,2025-02-039
3SaS0Va6o6jYkWvadT86C6,2025-02-040
0llPOBVoJYDAtdmVlNE41A,2025-02-041
3QaPy1KgI7nu9FJEQUgn6h,2025-02-042
63EQbNhgaih4yg5412usWG,2025-02-043
1Q9Efnm5csdCMFynISxL2x,2025-02-044
2tHwzyyOLoWSFqYNjeVMzj,2025-02-045
1k2pQc5i348DCHwbn5KTdc,2025-02-046
3EO58D1YpHnTvBy68gK8HE,2025-02-047
3t6gUcGYLrUuqwpXjOFWQc,2025-02-048
4MUrUT38U98olfnyzMBCzm,2025-02-050
08wyXJO5ZcqloLYbpufenQ,2025-02-051
2z865bsdfckaBVck8MSAm8,2025-02-052
4c2Pc0NrfkesPR0jff6q3F,2025-02-053
0l0vcZMU7AOeQmUIREoI2U,2025-02-055
1eTaznNW4Xxtx9za2SMTXB,2025-02-056
3BntzKsnLf2pc0dsvE3Zav,2025-02-057
6VNXmo59yDYgcwLS17UNAW,2025-02-058
79x7xtoCLpf6l32Zz6mWo4,2025-02-059
1cOboCuWYI2osTOfolMRS6,2025-02-060
7tCuCjhxzjX2XCz4JiiAsp,2025-02-061
5VHRiH48pBB008CAkrIBwP,2025-02-062
3Gn1zuHNLtGuGEOXwq0k7e,2025-02-063
50v47bZxJ7sIhiOn0iJWbL,2025-02-064
14QaXYIK3K3QPtezqxRRPN,2025-02-065
3G7agPwWfcORnWCAGMDOpm,2025-02-066
0eaVIYo2zeOaGJeqZ5TwYz,2025-02-068
4IKvw1OdeTJIN3g4zWE38f,2025-02-069
36wAwEkSDpNQ4oQeRLYC3L,2025-02-070
6ouhsRJ7gExB7LCYjITk4Y,2025-02-071
2vmDrjY4Py8lBYwzOp8utT,2025-02-072
1Hg0e997pObvZ91w1FCPFk,2025-02-073
7pDFd3sgEoPnka6k9IyBcH,2025-02-074
487JCvAXVblflZyDJn3fSp,2025-02-075
0LTwdL5yZ6YOTEGUQPFuSN,2025-02-076
4pu58kqegTnOxPNJpY3kr9,2025-02-077
7sd6zMrgGpEa7NkQm9TRrg,2025-02-078
5lKFO0PrOC9jmOlPEdjHsL,2025-02-081
3neOwym9kfYsM1QWaR77C1,2025-02-082
6aybzjLxocD14YySwF3aus,2025-02-083
2FAZskT9yRjp2Oow9szJD8,2025-02-084
1xKGnsdKOh8jx8pzSZAgXE,2025-02-085
1YYfyJ2yCvGFCxwjsIqEK9,2025-02-086
3OfqwyE7RrZrtuxCRixfII,2025-02-087
1Cbl3Yq8rHo7hhDQmLQagU,2025-02-088
2E7a96qey4AzSOdK6H21vS,2025-02-089
1hgINxfKQlJOikzd9skvC2,2025-02-091
3bg2qahpZmsg5wV2EMPXIk,2025-02-093
3i8fIJNV0yuC4kXT3SkVBZ,2025-02-094
0U60hgxzGit7juEuHul2y3,2025-02-096
1e3AdX6I8gaQKjQMONn9tA,2025-02-097
63Pi2NAx5yCgeLhCTOrEou,2025-02-098
1HbzxLqpNVPdiBXvpC7Ovb,2025-02-100
2CGNAOSuO1MEFCbBRgUzjd,2025-03-001
6AI3ezQ4o3HUoP6Dhudph3,2025-03-002
2plbrEY59IikOBgBGLjaoe,2025-03-003
0nj9Bq5sHDiTxSHunhgkFb,2025-03-005
5Nz7hI3cCOHmMR4vSLJ1An,2025-03-006
5vNRhkKd0yEAg8suGBpjeY,2025-03-007
6dOtVTDdiauQNBQEDOtlAB,2025-03-008
2FQrifJ1N335Ljm3TjTVVf,2025-03-009
2u9S9JJ6hTZS3Vf22HOZKg,2025-03-010
1k2pQc5i348DCHwbn5KTdc,2025-03-011
17phhZDn6oGtzMe56NuWvj,2025-03-012
3xkHsmpQCBMytMJNiDf3Ii,2025-03-013
3aSWXU6owkZeVhh94XxEWO,2025-03-014
3GCdLUSnKSMJhs4Tj6CV3s,2025-03-015
7ne4VBA60CxGM75vw0EYad,2025-03-016
2qSkIjg1o9h3YT9RAgYN75,2025-03-017
4u43I0LP2Xf85OAS85eG0R,2025-03-018
5mAGsieQbw180sYdL3RMKk,2025-03-019
0NUqi0ps17YpLUC3kgsZq0,2025-03-021
5G2f63n7IPVPPjfNIGih7Q,2025-03-022
7AeM1BGYM7emrqmQn1PuWv,2025-03-023
0FIDCNYYjNvPVimz5icugS,2025-03-024
2tHwzyyOLoWSFqYNjeVMzj,2025-03-025
1F6nHHDJyTHLgDDFj1ZZDt,2025-03-026
0b0Dz0Gi86SVdBxYeiQcCP,2025-03-027
3SKH53SPQbEnZR4cJPVaz2,2025-03-028
7DL2F2bueQycqYjqsjHYjG,2025-03-029
2kZoOj1n5vk9BuF0sih58M,2025-03-030
4JeD0FGslDsMeeahEGZa2L,2025-03-031
1eTaznNW4Xxtx9za2SMTXB,2025-03-032
2LHNTC9QZxsL3nWpt8iaSR,2025-03-033
19XpFsce28aByvCC4g89tJ,2025-03-034
4GqhG9rDuRUoNyDSMJ0Brq,2025-03-035
0WbMK4wrZ1wFSty9F7FCgu,2025-03-036
5aIEFCKhVUM5sKkwOSdFiM,2025-03-037
1UHS8Rf6h5Ar3CDWRd3wjF,2025-03-039
1YHQQFtKqFSFrqL4cNvstU,2025-03-040
3Vr3zh0r7ALn8VLqCiRR10,2025-03-041
3sK8wGT43QFpWrvNQsrQya,2025-03-042
2xxb5zW09uwbgyLprALi9E,2025-03-043
7tI8dRuH2Yc6RuoTjxo4dU,2025-03-044
3CY3zAjrxKVInh2Lq1QiRb,2025-03-045
1FhgmMvNlh3nJ1Ldc2eE6H,2025-03-046
3FHO87BSOEVAsedSnCTnvz,2025-03-047
3QaPy1KgI7nu9FJEQUgn6h,2025-03-048
3U3hFkMr0Q90pD24EkE3Pr,2025-03-049
2lTm559tuIvatlT1u0JYG2,2025-03-050
0llPOBVoJYDAtdmVlNE41A,2025-03-051
3tFed7YsjGnIfxeLEQwx3R,2025-03-052
21IYMdzTrzSe191Cy5eMap,2025-03-053
3AWDeHLc88XogCaCnZQLVI,2025-03-054
3siwsiaEoU4Kuuc9WKMUy5,2025-03-055
5xeSd4HgzrYpNLEf3LfYLK,2025-03-056
5UJbgR4XF4y1DvbkxEqe8S,2025-03-057
0TaLETmF6CvzLKukgBXERn,2025-03-058
7HDq8aEtkBeZq7gfzYjW28,2025-03-059
2vjFTjmvpFjFM01cNdG2ik,2025-03-060
3t6gUcGYLrUuqwpXjOFWQc,2025-03-061
08wyXJO5ZcqloLYbpufenQ,2025-03-062
0o5p5zzRN84q6qVbOVONPM,2025-03-063
6txAWGckgEGJIhLjhNdtE9,2025-03-064
578CwfxpfH2HxlENOCHc2n,2025-03-066
1zhvxTuSha22nsUT5Nw8gE,2025-03-067
2z865bsdfckaBVck8MSAm8,2025-03-068
3BntzKsnLf2pc0dsvE3Zav,2025-03-069
2MjQmsRAUArE2GDwjsVew3,2025-03-070
5M2lX0ZAYSAzCs1xPPi9BX,2025-03-071
5TFD2bmFKGhoCRbX61nXY5,2025-03-072
6mmPe3Y3SEtYb9HZsHTyrj,2025-03-073
775a936b2Vzl3fw86FaVat,2025-03-074
5VHRiH48pBB008CAkrIBwP,2025-03-075
63EQbNhgaih4yg5412usWG,2025-03-077
1osfLqL6L2iQsirRf83ded,2025-03-078
50v47bZxJ7sIhiOn0iJWbL,2025-03-079
2RkZ5LkEzeHGRsmDqKwmaJ,2025-03-080
1mKNJs35ede94bTPWveVOo,2025-03-083
5YwBaDW36fztKNnoiHQar3,2025-03-084
77pDO4WZPIdkwFve0iHWnb,2025-03-085
59D4DOkspUbWyMmbAPQkxZ,2025-03-086
1Y66A5zH3iPOWCDIuSDQR5,2025-03-087
36wAwEkSDpNQ4oQeRLYC3L,2025-03-088
2vmDrjY4Py8lBYwzOp8utT,2025-03-089
3HYUSkSJ0iQfocqdJmJqKw,2025-03-090
6J5kc12BW5HuP3d7C3vvx8,2025-03-091
1Cbl3Yq8rHo7hhDQmLQagU,2025-03-092
0l0vcZMU7AOeQmUIREoI2U,2025-03-093
3neOwym9kfYsM1QWaR77C1,2025-03-094
1cOboCuWYI2osTOfolMRS6,2025-03-095
6s8WSX1MxNThrot8ThI6fG,2025-03-096
2uvE4L5ZsYKpv8hbK4TIOt,2025-03-097
0eaVIYo2zeOaGJeqZ5TwYz,2025-03-098
7d6yK8v8J484SWH5prIQiE,2025-03-099
21B4gaTWnTkuSh77iWEXdS,2025-03-100
2CGNAOSuO1MEFCbBRgUzjd,2025-04-001
2plbrEY59IikOBgBGLjaoe,2025-04-002
2FQrifJ1N335Ljm3TjTVVf,2025-04-003
5z0LSDpPpGwc2ZyJHpsE3J,2025-04-004
1k2pQc5i348DCHwbn5KTdc,2025-04-005
17phhZDn6oGtzMe56NuWvj,2025-04-006
2u9S9JJ6hTZS3Vf22HOZKg,2025-04-007
3xkHsmpQCBMytMJNiDf3Ii,2025-04-008
6AI3ezQ4o3HUoP6Dhudph3,2025-04-009
5vNRhkKd0yEAg8suGBpjeY,2025-04-010
7AeM1BGYM7emrqmQn1PuWv,2025-04-011
6dOtVTDdiauQNBQEDOtlAB,2025-04-012
7ne4VBA60CxGM75vw0EYad,2025-04-013
1musbempyJAw5gfSKZHXP9,2025-04-014
5mAGsieQbw180sYdL3RMKk,2025-04-016
2zIl3eEUd51KdtqGyJw1sg,2025-04-017
2qSkIjg1o9h3YT9RAgYN75,2025-04-018
2RkZ5LkEzeHGRsmDqKwmaJ,2025-04-020
0FIDCNYYjNvPVimz5icugS,2025-04-021
0nj9Bq5sHDiTxSHunhgkFb,2025-04-022
3SKH53SPQbEnZR4cJPVaz2,2025-04-023
3aSWXU6owkZeVhh94XxEWO,2025-04-024
68qeaZhtMZ6abrJCYt6nQn,2025-04-025
5UJbgR4XF4y1DvbkxEqe8S,2025-04-026
6iycYUk3oB0NPMdaDUrN1w,2025-04-027
2uvE4L5ZsYKpv8hbK4TIOt,2025-04-028
5xHgo5JN0wfsV41HnRaos5,2025-04-029
19XpFsce28aByvCC4g89tJ,2025-04-030
5G2f63n7IPVPPjfNIGih7Q,2025-04-031
7lv4SU2ATVjQJp6Jia0x7N,2025-04-032
1eTaznNW4Xxtx9za2SMTXB,2025-04-033
3Vr3zh0r7ALn8VLqCiRR10,2025-04-034
1UHS8Rf6h5Ar3CDWRd3wjF,2025-04-035
3t6gUcGYLrUuqwpXjOFWQc,2025-04-036
0WbMK4wrZ1wFSty9F7FCgu,2025-04-037
2LHNTC9QZxsL3nWpt8iaSR,2025-04-038
21IYMdzTrzSe191Cy5eMap,2025-04-039
3siwsiaEoU4Kuuc9WKMUy5,2025-04-040
3sK8wGT43QFpWrvNQsrQya,2025-04-041
3BntzKsnLf2pc0dsvE3Zav,2025-04-042
0TaLETmF6CvzLKukgBXERn,2025-04-043
15zJeVUmKFnbrxm9dxcxYD,2025-04-044
3U3hFkMr0Q90pD24EkE3Pr,2025-04-045
4yFPKNzjkCS0PpRzhcvy1d,2025-04-046
5VHRiH48pBB008CAkrIBwP,2025-04-048
08wyXJO5ZcqloLYbpufenQ,2025-04-049
3QaPy1KgI7nu9FJEQUgn6h,2025-04-050
6txAWGckgEGJIhLjhNdtE9,2025-04-051
1osfLqL6L2iQsirRf83ded,2025-04-052
2lTm559tuIvatlT1u0JYG2,2025-04-053
3D24ErT1MMmUfXWotSj2A2,2025-04-054
3AWDeHLc88XogCaCnZQLVI,2025-04-055
541sN2qNfIlllGn9nGOQoC,2025-04-056
1SVhTS4l0sLFsP2Abme05l,2025-04-057
5Nz7hI3cCOHmMR4vSLJ1An,2025-04-058
1DpC4L3JjsGRW7y6eTHaMj,2025-04-059
2n9fC0A4ptmWqYeMXEVaok,2025-04-060
0NUqi0ps17YpLUC3kgsZq0,2025-04-061
2kZoOj1n5vk9BuF0sih58M,2025-04-063
63EQbNhgaih4yg5412usWG,2025-04-064
5Fhr3wqeieN5WDkAsqL1JJ,2025-04-065
36wAwEkSDpNQ4oQeRLYC3L,2025-04-066
6J5kc12BW5HuP3d7C3vvx8,2025-04-067
0b0Dz0Gi86SVdBxYeiQcCP,2025-04-068
5ncjUUHk43IjYXZCsQxcBw,2025-04-070
7sFMOSnRBa6td4lZa1oiTI,2025-04-071
7HDq8aEtkBeZq7gfzYjW28,2025-04-072
2vmDrjY4Py8lBYwzOp8utT,2025-04-073
4cLC8gydI0O78g8chZugS4,2025-04-075
3VdooJLOy4tLxKpnn46SMP,2025-04-077
5TFD2bmFKGhoCRbX61nXY5,2025-04-078
2A22iI0x4EYAVXNpKPhNEM,2025-04-079
0eaVIYo2zeOaGJeqZ5TwYz,2025-04-081
3KgHiAVuP88QoQs9CO4z1P,2025-04-082
6aybzjLxocD14YySwF3aus,2025-04-083
2OMjHcniFxzijWX7EaBrXE,2025-04-084
50v47bZxJ7sIhiOn0iJWbL,2025-04-085
3yU9fLsuDYjzVyZW2FLUqY,2025-04-086
4zK082ykqJzJGzC64NXjp1,2025-04-087
7pDFd3sgEoPnka6k9IyBcH,2025-04-088
2z865bsdfckaBVck8MSAm8,2025-04-089
2HA4tNLIXY1dGvDVCLeslk,2025-04-090
4evMMKc2HD6fV9slMfgkMx,2025-04-091
4HOlcDZ3xldgbIql8MZPtO,2025-04-093
5SIvP6TdWc9DNvKbENjnYc,2025-04-094
63Pi2NAx5yCgeLhCTOrEou,2025-04-095
1Cbl3Yq8rHo7hhDQmLQagU,2025-04-096
1E70pcxXiSQLtxdowVXkbM,2025-04-097
79mFFAOYcG8ZF6AN1JecAL,2025-04-098
0l0vcZMU7AOeQmUIREoI2U,2025-04-099
59D4DOkspUbWyMmbAPQkxZ,2025-04-100
2CGNAOSuO1MEFCbBRgUzjd,2025-05-001
2plbrEY59IikOBgBGLjaoe,2025-05-002
2RkZ5LkEzeHGRsmDqKwmaJ,2025-05-003
2u9S9JJ6hTZS3Vf22HOZKg,2025-05-004
2FQrifJ1N335Ljm3TjTVVf,2025-05-005
1k2pQc5i348DCHwbn5KTdc,2025-05-006
7AeM1BGYM7emrqmQn1PuWv,2025-05-007
1BDLD4c07q0bmq2VCRsXoE,2025-05-008
17phhZDn6oGtzMe56NuWvj,2025-05-009
3xkHsmpQCBMytMJNiDf3Ii,2025-05-010
1musbempyJAw5gfSKZHXP9,2025-05-012
6dOtVTDdiauQNBQEDOtlAB,2025-05-013
5z0LSDpPpGwc2ZyJHpsE3J,2025-05-014
5vNRhkKd0yEAg8suGBpjeY,2025-05-016
5mAGsieQbw180sYdL3RMKk,2025-05-017
2uvE4L5ZsYKpv8hbK4TIOt,2025-05-018
2qSkIjg1o9h3YT9RAgYN75,2025-05-019
7ne4VBA60CxGM75vw0EYad,2025-05-020
6AI3ezQ4o3HUoP6Dhudph3,2025-05-021
3SKH53SPQbEnZR4cJPVaz2,2025-05-022
3aSWXU6owkZeVhh94XxEWO,2025-05-024
5UJbgR4XF4y1DvbkxEqe8S,2025-05-025
2LHNTC9QZxsL3nWpt8iaSR,2025-05-026
0nj9Bq5sHDiTxSHunhgkFb,2025-05-027
3Vr3zh0r7ALn8VLqCiRR10,2025-05-028
3siwsiaEoU4Kuuc9WKMUy5,2025-05-029
3BntzKsnLf2pc0dsvE3Zav,2025-05-030
3t6gUcGYLrUuqwpXjOFWQc,2025-05-031
0FIDCNYYjNvPVimz5icugS,2025-05-032
5G2f63n7IPVPPjfNIGih7Q,2025-05-033
15zJeVUmKFnbrxm9dxcxYD,2025-05-034
7u7IqryLFAygWFz6bsEB7y,2025-05-035
1osfLqL6L2iQsirRf83ded,2025-05-036
5VHRiH48pBB008CAkrIBwP,2025-05-037
21IYMdzTrzSe191Cy5eMap,2025-05-038
2A22iI0x4EYAVXNpKPhNEM,2025-05-039
2zIl3eEUd51KdtqGyJw1sg,2025-05-041
0sCvjs8IVBhxXVhg7jQemt,2025-05-042
3QaPy1KgI7nu9FJEQUgn6h,2025-05-043
3AWDeHLc88XogCaCnZQLVI,2025-05-044
7lv4SU2ATVjQJp6Jia0x7N,2025-05-045
6txAWGckgEGJIhLjhNdtE9,2025-05-046
1eTaznNW4Xxtx9za2SMTXB,2025-05-047
3sK8wGT43QFpWrvNQsrQya,2025-05-048
36wAwEkSDpNQ4oQeRLYC3L,2025-05-050
7qjZnBKE73H4Oxkopwulqe,2025-05-051
3D24ErT1MMmUfXWotSj2A2,2025-05-052
4WFgvKVfEhb3IUAFGrutTR,2025-05-053
0TaLETmF6CvzLKukgBXERn,2025-05-054
1YRbAonLvmuUILvQso0gUM,2025-05-055
2kZoOj1n5vk9BuF0sih58M,2025-05-056
0TFTAtCYhp2tQ9KcJIZb55,2025-05-057
541sN2qNfIlllGn9nGOQoC,2025-05-058
2lTm559tuIvatlT1u0JYG2,2025-05-059
68qeaZhtMZ6abrJCYt6nQn,2025-05-060
5xHgo5JN0wfsV41HnRaos5,2025-05-061
3U3hFkMr0Q90pD24EkE3Pr,2025-05-063
493xja7E57qje1iR0Pwj5K,2025-05-064
4HOlcDZ3xldgbIql8MZPtO,2025-05-065
63EQbNhgaih4yg5412usWG,2025-05-069
3yU9fLsuDYjzVyZW2FLUqY,2025-05-070
1vgourDwo7hFFamSxepvar,2025-05-071
7JDfWHxOFo63yQmVs5wSPM,2025-05-072
68SYsp6XfIEnlDYMgMyxUv,2025-05-073
0b0Dz0Gi86SVdBxYeiQcCP,2025-05-074
7pDFd3sgEoPnka6k9IyBcH,2025-05-075
1DpC4L3JjsGRW7y6eTHaMj,2025-05-076
6J5kc12BW5HuP3d7C3vvx8,2025-05-077
2n5sAzeWh5LqnV9cGBjgGr,2025-05-078
3neOwym9kfYsM1QWaR77C1,2025-05-079
0eaVIYo2zeOaGJeqZ5TwYz,2025-05-080
51TCxtQ1u4Qi655ekjDCZD,2025-05-081
0NUqi0ps17YpLUC3kgsZq0,2025-05-082
4oB8Xd7gMlUEtWoD8bmCXW,2025-05-084
5Nz7hI3cCOHmMR4vSLJ1An,2025-05-086
3H6xZgwRZx8McVUJzmMxWe,2025-05-087
5SxahezRlC0saXbCALfB7c,2025-05-088
4ZIOtzgjSwq7oSkhWqapwa,2025-05-089
4yFPKNzjkCS0PpRzhcvy1d,2025-05-090
38RJG8nLAwGycitlHOiifP,2025-05-091
4eULTkHVLAhn5J5DOSNbdP,2025-05-092
2XUx8PCXGpP1XhZJMGiUol,2025-05-093
5TFD2bmFKGhoCRbX61nXY5,2025-05-094
2RdEC8Ff83WkX7kDVCHseE,2025-05-095
1Nk1kQx3HmUaobcAu9S26f,2025-05-096
3KgHiAVuP88QoQs9CO4z1P,2025-05-097
1zM8S2pnIclcdTmrfFnWtX,2025-05-098
0fK7ie6XwGxQTIkpFoWkd1,2025-05-099
1QrbZhFYlViXd60g130vw1,2025-05-100
2RkZ5LkEzeHGRsmDqKwmaJ,2025-06-001
5z0LSDpPpGwc2ZyJHpsE3J,2025-06-003
7AeM1BGYM7emrqmQn1PuWv,2025-06-004
2CGNAOSuO1MEFCbBRgUzjd,2025-06-005
2FQrifJ1N335Ljm3TjTVVf,2025-06-006
2plbrEY59IikOBgBGLjaoe,2025-06-007
17phhZDn6oGtzMe56NuWvj,2025-06-008
2u9S9JJ6hTZS3Vf22HOZKg,2025-06-009
3xkHsmpQCBMytMJNiDf3Ii,2025-06-010
1musbempyJAw5gfSKZHXP9,2025-06-011
1k2pQc5i348DCHwbn5KTdc,2025-06-012
6dOtVTDdiauQNBQEDOtlAB,2025-06-013
5mAGsieQbw180sYdL3RMKk,2025-06-014
4gfrYDtaRmp6HPvN80V2ob,2025-06-015
2uvE4L5ZsYKpv8hbK4TIOt,2025-06-018
3KC1yCIfkLrRaeeMUEKvg3,2025-06-020
2qSkIjg1o9h3YT9RAgYN75,2025-06-021
5vNRhkKd0yEAg8suGBpjeY,2025-06-022
0YsIYFRoxkmEvbKCwTp0Tg,2025-06-023
7u7IqryLFAygWFz6bsEB7y,2025-06-024
5UJbgR4XF4y1DvbkxEqe8S,2025-06-025
1osfLqL6L2iQsirRf83ded,2025-06-026
3SKH53SPQbEnZR4cJPVaz2,2025-06-027
0FIDCNYYjNvPVimz5icugS,2025-06-028
0TFTAtCYhp2tQ9KcJIZb55,2025-06-029
15zJeVUmKFnbrxm9dxcxYD,2025-06-030
3aSWXU6owkZeVhh94XxEWO,2025-06-031
2qPQcfUgizNDOIv1orkTAd,2025-06-032
7ne4VBA60CxGM75vw0EYad,2025-06-033
2A22iI0x4EYAVXNpKPhNEM,2025-06-034
1WBD2KNkYu880G7ElAituh,2025-06-035
7qjZnBKE73H4Oxkopwulqe,2025-06-036
4WFgvKVfEhb3IUAFGrutTR,2025-06-037
3siwsiaEoU4Kuuc9WKMUy5,2025-06-039
36wAwEkSDpNQ4oQeRLYC3L,2025-06-040
2LHNTC9QZxsL3nWpt8iaSR,2025-06-041
2ipIPsgrgd0j2beDf4Ki70,2025-06-042
0nj9Bq5sHDiTxSHunhgkFb,2025-06-043
3QaPy1KgI7nu9FJEQUgn6h,2025-06-044
5QEAqQ7NzbTP8Px5N3Ggmi,2025-06-045
5VHRiH48pBB008CAkrIBwP,2025-06-046
3AWDeHLc88XogCaCnZQLVI,2025-06-047
7lq4b3sYM9cYSnCMxCafKe,2025-06-048
5t6VW9ocIgB84vD8uR5xXU,2025-06-049
50kjUO9iWqTamrb3va05hu,2025-06-050
2zIl3eEUd51KdtqGyJw1sg,2025-06-051
6BZaRf4Zh9Y07qnELLboGu,2025-06-052
72EqPCCpe79JBwtLlVsdZ6,2025-06-053
6TUf119oQrkteMSKTE1SOf,2025-06-054
0GnNHCDj2WOJl70UUcvAEP,2025-06-055
7lv4SU2ATVjQJp6Jia0x7N,2025-06-056
3vhOv5qBOX9urPOC9VyhWl,2025-06-057
710dGcMZzo15JzqhJmDjOR,2025-06-058
1vgourDwo7hFFamSxepvar,2025-06-059
2RdEC8Ff83WkX7kDVCHseE,2025-06-060
0sCvjs8IVBhxXVhg7jQemt,2025-06-061
0vrWrwDcDb78lyHyFTvxx2,2025-06-062
2kZoOj1n5vk9BuF0sih58M,2025-06-063
5dxCaYXS5l2ZmMGAVGB2lQ,2025-06-064
0QCIpQV3twfqo9kh0t8Zza,2025-06-065
7trGQmK2IAYxLb3wgqfawy,2025-06-067
7quUr3mlWKcQuBRfl6g5Sn,2025-06-068
7JDfWHxOFo63yQmVs5wSPM,2025-06-069
5ImJTOd6BMsvwuRgnlmyr7,2025-06-071
1OjNUHE1W7Cxeph9DJzKbe,2025-06-072
3hpm0fTeSqlhJbnqAgaLZs,2025-06-073
2KrQbq3aqGOFGnkTKnN2XA,2025-06-074
4eULTkHVLAhn5J5DOSNbdP,2025-06-075
4ZIOtzgjSwq7oSkhWqapwa,2025-06-077
1N8dX8FWPUzVuSlKJA25FK,2025-06-078
3D24ErT1MMmUfXWotSj2A2,2025-06-079
4HWDNZ1i6gyzu9tUbNhC2C,2025-06-080
3anaHXs7z8NwLUatPxqJlE,2025-06-081
1zM8S2pnIclcdTmrfFnWtX,2025-06-082
68SYsp6XfIEnlDYMgMyxUv,2025-06-083
4NoOpkVBJsRB2YTiP9vRJD,2025-06-084
6J5kc12BW5HuP3d7C3vvx8,2025-06-086
1YRbAonLvmuUILvQso0gUM,2025-06-087
0aGIy8kll4HYDnNTDlf2vU,2025-06-088
5uhxL7UwvTMV6FSCTpKcjc,2025-06-089
68qeaZhtMZ6abrJCYt6nQn,2025-06-091
493xja7E57qje1iR0Pwj5K,2025-06-092
5gGz4XkNZV335nYgs34Ro7,2025-06-094
77pDO4WZPIdkwFve0iHWnb,2025-06-095
3neOwym9kfYsM1QWaR77C1,2025-06-096
0b0Dz0Gi86SVdBxYeiQcCP,2025-06-097
541sN2qNfIlllGn9nGOQoC,2025-06-098
583dMdiUquLMenarTp7PQm,2025-06-099
51TCxtQ1u4Qi655ekjDCZD,2025-06-100
2RkZ5LkEzeHGRsmDqKwmaJ,2025-07-001
42UBPzRMh5yyz0EDPr6fr1,2025-07-003
5z0LSDpPpGwc2ZyJHpsE3J,2025-07-004
7AeM1BGYM7emrqmQn1PuWv,2025-07-005
2CGNAOSuO1MEFCbBRgUzjd,2025-07-006
2FQrifJ1N335Ljm3TjTVVf,2025-07-007
2plbrEY59IikOBgBGLjaoe,2025-07-008
17phhZDn6oGtzMe56NuWvj,2025-07-009
139nLHDFZNr3anx8CpUy7u,2025-07-010
1k2pQc5i348DCHwbn5KTdc,2025-07-011
3xkHsmpQCBMytMJNiDf3Ii,2025-07-012
4WFgvKVfEhb3IUAFGrutTR,2025-07-014
2uvE4L5ZsYKpv8hbK4TIOt,2025-07-015
2u9S9JJ6hTZS3Vf22HOZKg,2025-07-016
6dOtVTDdiauQNBQEDOtlAB,2025-07-017
2qSkIjg1o9h3YT9RAgYN75,2025-07-018
15zJeVUmKFnbrxm9dxcxYD,2025-07-019
4gfrYDtaRmp6HPvN80V2ob,2025-07-020
2ipIPsgrgd0j2beDf4Ki70,2025-07-021
1osfLqL6L2iQsirRf83ded,2025-07-022
1musbempyJAw5gfSKZHXP9,2025-07-024
7u7IqryLFAygWFz6bsEB7y,2025-07-025
5mAGsieQbw180sYdL3RMKk,2025-07-026
2A22iI0x4EYAVXNpKPhNEM,2025-07-027
5vNRhkKd0yEAg8suGBpjeY,2025-07-028
3aSWXU6owkZeVhh94XxEWO,2025-07-029
4Km9FSF9iaQiTLnFPdbPom,2025-07-030
0TFTAtCYhp2tQ9KcJIZb55,2025-07-031
5VHRiH48pBB008CAkrIBwP,2025-07-032
7qjZnBKE73H4Oxkopwulqe,2025-07-033
0YsIYFRoxkmEvbKCwTp0Tg,2025-07-034
7ne4VBA60CxGM75vw0EYad,2025-07-035
6BZaRf4Zh9Y07qnELLboGu,2025-07-036
0FIDCNYYjNvPVimz5icugS,2025-07-037
1WBD2KNkYu880G7ElAituh,2025-07-038
3SKH53SPQbEnZR4cJPVaz2,2025-07-039
5UJbgR4XF4y1DvbkxEqe8S,2025-07-040
3KC1yCIfkLrRaeeMUEKvg3,2025-07-042
3QaPy1KgI7nu9FJEQUgn6h,2025-07-043
0QCIpQV3twfqo9kh0t8Zza,2025-07-044
3siwsiaEoU4Kuuc9WKMUy5,2025-07-045
5dxCaYXS5l2ZmMGAVGB2lQ,2025-07-047
7lv4SU2ATVjQJp6Jia0x7N,2025-07-048
3AWDeHLc88XogCaCnZQLVI,2025-07-049
2kZoOj1n5vk9BuF0sih58M,2025-07-050
1vgourDwo7hFFamSxepvar,2025-07-051
0sCvjs8IVBhxXVhg7jQemt,2025-07-052
7lq4b3sYM9cYSnCMxCafKe,2025-07-053
4eULTkHVLAhn5J5DOSNbdP,2025-07-054
2yWlGEgEfPot0lv3OAjuG3,2025-07-055
2RdEC8Ff83WkX7kDVCHseE,2025-07-056
2qPQcfUgizNDOIv1orkTAd,2025-07-058
3anaHXs7z8NwLUatPxqJlE,2025-07-059
08L2vgqPpiLt7PpwMHbbk1,2025-07-060
1lfO0bqThTLimzHsvk3LrN,2025-07-061
7JDfWHxOFo63yQmVs5wSPM,2025-07-062
3hpm0fTeSqlhJbnqAgaLZs,2025-07-064
6eLQXa6uk2EW8drsiKbABZ,2025-07-065
2KrQbq3aqGOFGnkTKnN2XA,2025-07-066
2zIl3eEUd51KdtqGyJw1sg,2025-07-067
1zM8S2pnIclcdTmrfFnWtX,2025-07-068
5t6VW9ocIgB84vD8uR5xXU,2025-07-069
1YRbAonLvmuUILvQso0gUM,2025-07-071
7jXHMDFD5IP6pOUtC1p3iz,2025-07-072
6V7bxWg4mmuU4ILbYPQJvd,2025-07-073
64zQbQTwu4ppBEfWyhst9t,2025-07-074
493xja7E57qje1iR0Pwj5K,2025-07-075
68qeaZhtMZ6abrJCYt6nQn,2025-07-076
1I37Zz2g3hk9eWxaNkj031,2025-07-077
6J5kc12BW5HuP3d7C3vvx8,2025-07-078
0bxPRWprUVpQK0UFcddkrA,2025-07-079
5Xl87hTgoBbSnEXKNse77Q,2025-07-080
1CPZ5BxNNd0n0nF4Orb9JS,2025-07-081
6qemtJVOjeRXRg1v2gVKxe,2025-07-082
3D24ErT1MMmUfXWotSj2A2,2025-07-083
726SEjbF3ToEbYbn43gnxl,2025-07-084
4fVoX6BG2jFhPx6uHKevpF,2025-07-085
5QEAqQ7NzbTP8Px5N3Ggmi,2025-07-086
5QDM1swu2rW6rLdlypy725,2025-07-087
68SYsp6XfIEnlDYMgMyxUv,2025-07-088
5nstSbJfHjqAJE7mdWwSXQ,2025-07-089
5PCOOngROV9jWsUViSy4Ed,2025-07-090
72EqPCCpe79JBwtLlVsdZ6,2025-07-091
4Iu73sdCNxZXZUIyClMoPZ,2025-07-092
77pDO4WZPIdkwFve0iHWnb,2025-07-093
1xOqGUkyxGQRdCvGpvWKmL,2025-07-094
50kjUO9iWqTamrb3va05hu,2025-07-095
0nafF9MxcXJBQWv3BTKtdF,2025-07-096
7quUr3mlWKcQuBRfl6g5Sn,2025-07-097
1j15Ar0qGDzIR0v3CQv3JL,2025-07-098
4Q0qVhFQa7j6jRKzo3HDmP,2025-07-099
3vhOv5qBOX9urPOC9VyhWl,2025-07-100
2RkZ5LkEzeHGRsmDqKwmaJ,2025-08-001
1CPZ5BxNNd0n0nF4Orb9JS,2025-08-002
5BZsQlgw21vDOAjoqkNgKb,2025-08-003
5z0LSDpPpGwc2ZyJHpsE3J,2025-08-005
4WFgvKVfEhb3IUAFGrutTR,2025-08-006
17phhZDn6oGtzMe56NuWvj,2025-08-007
2FQrifJ1N335Ljm3TjTVVf,2025-08-008
2CGNAOSuO1MEFCbBRgUzjd,2025-08-009
2plbrEY59IikOBgBGLjaoe,2025-08-010
7AeM1BGYM7emrqmQn1PuWv,2025-08-011
1I37Zz2g3hk9eWxaNkj031,2025-08-012
42UBPzRMh5yyz0EDPr6fr1,2025-08-013
3xkHsmpQCBMytMJNiDf3Ii,2025-08-014
1k2pQc5i348DCHwbn5KTdc,2025-08-015
6wHpLMmp98aHcV8L1JFrj8,2025-08-016
6dOtVTDdiauQNBQEDOtlAB,2025-08-018
3RXUgPNIbUgFxsDWuBQEt6,2025-08-019
2uvE4L5ZsYKpv8hbK4TIOt,2025-08-020
02sy7FAs8dkDNYsHp4Ul3f,2025-08-021
5VHRiH48pBB008CAkrIBwP,2025-08-022
57GsLpRtEtrzcPGPop20rS,2025-08-023
2ipIPsgrgd0j2beDf4Ki70,2025-08-024
4gfrYDtaRmp6HPvN80V2ob,2025-08-025
7u7IqryLFAygWFz6bsEB7y,2025-08-026
15zJeVUmKFnbrxm9dxcxYD,2025-08-028
0TFTAtCYhp2tQ9KcJIZb55,2025-08-029
5DxDLsW6PsLz5gkwC7Mk5S,2025-08-030
5sBDrrtLGbV64QJnEqfjer,2025-08-031
2u9S9JJ6hTZS3Vf22HOZKg,2025-08-032
6BZaRf4Zh9Y07qnELLboGu,2025-08-034
5vNRhkKd0yEAg8suGBpjeY,2025-08-035
1WBD2KNkYu880G7ElAituh,2025-08-036
1osfLqL6L2iQsirRf83ded,2025-08-037
29iva9idM6rFCPUlu7Rhxl,2025-08-038
0MHStU0muAIEMbwdnebYu2,2025-08-039
3aSWXU6owkZeVhh94XxEWO,2025-08-040
6xV7Be6XEvkSnighmh2Tzj,2025-08-041
7qjZnBKE73H4Oxkopwulqe,2025-08-042
5mAGsieQbw180sYdL3RMKk,2025-08-043
1lTqq0aC6r2bXLviQ3oaVt,2025-08-044
5dxCaYXS5l2ZmMGAVGB2lQ,2025-08-045
7ACxUo21jtTHzy7ZEV56vU,2025-08-046
1musbempyJAw5gfSKZHXP9,2025-08-047
7DIMKlmJ0CL6eROkbptoqi,2025-08-048
0S3gpZzlT9Hb7CCSV2owX7,2025-08-049
1vgourDwo7hFFamSxepvar,2025-08-050
1IF3hx6HU46Pitm0dOdVJO,2025-08-051
0QCIpQV3twfqo9kh0t8Zza,2025-08-052
5H1sKFMzDeMtXwND3V6hRY,2025-08-053
3WgFhZfyk5nb6v7hkwPmD4,2025-08-054
4waPZF96vX1Oz5pzH6dB0h,2025-08-055
5DRS7YEe1bwGJLDGviT3CD,2025-08-056
0YsIYFRoxkmEvbKCwTp0Tg,2025-08-057
4Km9FSF9iaQiTLnFPdbPom,2025-08-058
2yWlGEgEfPot0lv3OAjuG3,2025-08-060
139nLHDFZNr3anx8CpUy7u,2025-08-063
5P03xImM2uFukzoty7NDw7,2025-08-064
3QaPy1KgI7nu9FJEQUgn6h,2025-08-065
01p5urrGw5fuFCcfT7PBgc,2025-08-066
2qPQcfUgizNDOIv1orkTAd,2025-08-067
5Xl87hTgoBbSnEXKNse77Q,2025-08-068
3anaHXs7z8NwLUatPxqJlE,2025-08-069
0bxPRWprUVpQK0UFcddkrA,2025-08-070
493xja7E57qje1iR0Pwj5K,2025-08-071
4Iu73sdCNxZXZUIyClMoPZ,2025-08-072
3KC1yCIfkLrRaeeMUEKvg3,2025-08-073
1zM8S2pnIclcdTmrfFnWtX,2025-08-074
1rQEgtQNsj63xIUzEmKbML,2025-08-075
0LutvoC2HqCfnaRSjrhtzo,2025-08-077
7JDfWHxOFo63yQmVs5wSPM,2025-08-079
7D0RhFcb3CrfPuTJ0obrod,2025-08-080
1YRbAonLvmuUILvQso0gUM,2025-08-081
4UddKz4WBKn5b9tDB6tq2L,2025-08-082
2RdEC8Ff83WkX7kDVCHseE,2025-08-083
1CnEPh46C45T7xv3ZEBb9h,2025-08-084
7lq4b3sYM9cYSnCMxCafKe,2025-08-085
5wNIHa6wvCCKP6fWgo3UAh,2025-08-087
4eULTkHVLAhn5J5DOSNbdP,2025-08-088
2I9517MJ7979KTtFjbDo5E,2025-08-089
76O7oz3bvW0WCBqXs9Tkuf,2025-08-090
3cZajhyr8LmtPfHZ9296tj,2025-08-091
6Q3lFQgpvhA9VApFKLFZtZ,2025-08-092
6J5kc12BW5HuP3d7C3vvx8,2025-08-093
56bPsRfOKla3bGGmVz1uk4,2025-08-094
13XDnusYSagPbCb3I8u9sU,2025-08-095
726SEjbF3ToEbYbn43gnxl,2025-08-096
5TFD2bmFKGhoCRbX61nXY5,2025-08-097
68qeaZhtMZ6abrJCYt6nQn,2025-08-098
0aGIy8kll4HYDnNTDlf2vU,2025-08-099
08L2vgqPpiLt7PpwMHbbk1,2025-08-100
1CPZ5BxNNd0n0nF4Orb9JS,2025-09-001
2RkZ5LkEzeHGRsmDqKwmaJ,2025-09-002
1I37Zz2g3hk9eWxaNkj031,2025-09-004
02sy7FAs8dkDNYsHp4Ul3f,2025-09-005
4WFgvKVfEhb3IUAFGrutTR,2025-09-006
42UBPzRMh5yyz0EDPr6fr1,2025-09-007
17phhZDn6oGtzMe56NuWvj,2025-09-008
3RXUgPNIbUgFxsDWuBQEt6,2025-09-009
2plbrEY59IikOBgBGLjaoe,2025-09-010
5BZsQlgw21vDOAjoqkNgKb,2025-09-011
5z0LSDpPpGwc2ZyJHpsE3J,2025-09-012
2FQrifJ1N335Ljm3TjTVVf,2025-09-013
5VHRiH48pBB008CAkrIBwP,2025-09-014
2uvE4L5ZsYKpv8hbK4TIOt,2025-09-015
7AeM1BGYM7emrqmQn1PuWv,2025-09-016
3xkHsmpQCBMytMJNiDf3Ii,2025-09-017
4gfrYDtaRmp6HPvN80V2ob,2025-09-018
5sBDrrtLGbV64QJnEqfjer,2025-09-019
1k2pQc5i348DCHwbn5KTdc,2025-09-020
0MHStU0muAIEMbwdnebYu2,2025-09-021
5DxDLsW6PsLz5gkwC7Mk5S,2025-09-023
0TFTAtCYhp2tQ9KcJIZb55,2025-09-024
6dOtVTDdiauQNBQEDOtlAB,2025-09-025
2CGNAOSuO1MEFCbBRgUzjd,2025-09-026
2ipIPsgrgd0j2beDf4Ki70,2025-09-027
1IfGOnXoMBkiKC9xljlSfa,2025-09-028
1WBD2KNkYu880G7ElAituh,2025-09-029
6BZaRf4Zh9Y07qnELLboGu,2025-09-030
7qjZnBKE73H4Oxkopwulqe,2025-09-031
15zJeVUmKFnbrxm9dxcxYD,2025-09-032
29iva9idM6rFCPUlu7Rhxl,2025-09-033
2SsY5k7UWFqgye3PUMG3Oq,2025-09-036
0bxPRWprUVpQK0UFcddkrA,2025-09-037
1vgourDwo7hFFamSxepvar,2025-09-038
7u7IqryLFAygWFz6bsEB7y,2025-09-039
1osfLqL6L2iQsirRf83ded,2025-09-040
3aSWXU6owkZeVhh94XxEWO,2025-09-041
5dxCaYXS5l2ZmMGAVGB2lQ,2025-09-042
5vNRhkKd0yEAg8suGBpjeY,2025-09-043
13XDnusYSagPbCb3I8u9sU,2025-09-044
3cZajhyr8LmtPfHZ9296tj,2025-09-045
5mAGsieQbw180sYdL3RMKk,2025-09-046
5Xl87hTgoBbSnEXKNse77Q,2025-09-047
57GsLpRtEtrzcPGPop20rS,2025-09-048
6tlZIGGXozhQpYyKesjwWL,2025-09-049
6Q3lFQgpvhA9VApFKLFZtZ,2025-09-051
62xU1NllqWBCbkZFTXEqzF,2025-09-052
6xV7Be6XEvkSnighmh2Tzj,2025-09-053
0aGIy8kll4HYDnNTDlf2vU,2025-09-054
4Km9FSF9iaQiTLnFPdbPom,2025-09-055
1zM8S2pnIclcdTmrfFnWtX,2025-09-056
3QaPy1KgI7nu9FJEQUgn6h,2025-09-057
0YsIYFRoxkmEvbKCwTp0Tg,2025-09-058
31Oh4pwZWjBTuRmzNtxj10,2025-09-059
05od2qm2MTSKCHxy1GBp5W,2025-09-060
3anaHXs7z8NwLUatPxqJlE,2025-09-062
1xOqGUkyxGQRdCvGpvWKmL,2025-09-063
7JDfWHxOFo63yQmVs5wSPM,2025-09-064
2yWlGEgEfPot0lv3OAjuG3,2025-09-066
4Iu73sdCNxZXZUIyClMoPZ,2025-09-067
2RdEC8Ff83WkX7kDVCHseE,2025-09-068
3hpm0fTeSqlhJbnqAgaLZs,2025-09-070
541sN2qNfIlllGn9nGOQoC,2025-09-071
0QCIpQV3twfqo9kh0t8Zza,2025-09-072
7H5Bv8j9chJ4CWTuoXF4EK,2025-09-073
139nLHDFZNr3anx8CpUy7u,2025-09-074
726SEjbF3ToEbYbn43gnxl,2025-09-076
7D0RhFcb3CrfPuTJ0obrod,2025-09-077
5H1sKFMzDeMtXwND3V6hRY,2025-09-078
3fWibgdtgIie6LKTZ2rUoI,2025-09-079
3KC1yCIfkLrRaeeMUEKvg3,2025-09-080
1qbmS6ep2hbBRaEZFpn7BX,2025-09-082
6wHpLMmp98aHcV8L1JFrj8,2025-09-083
5FMyXeZ0reYloRTiCkPprT,2025-09-084
4JAmBKnHyq2avqNvJ81Mao,2025-09-085
1bXKpjbalq0If54LBffE0i,2025-09-086
2I9517MJ7979KTtFjbDo5E,2025-09-087
1vR0FAmbln2Qjpyg0TvG2J,2025-09-088
56bPsRfOKla3bGGmVz1uk4,2025-09-089
08L2vgqPpiLt7PpwMHbbk1,2025-09-090
4nwjvcUjV7cexhwA40Bh5i,2025-09-091
5Xnkr4b6swk6BA5IinCIlU,2025-09-092
2fuYa3Lx06QQJAm0MjztKr,2025-09-093
1GpslorH7Gi64x8uodyvfO,2025-09-094
7lq4b3sYM9cYSnCMxCafKe,2025-09-095
1lTqq0aC6r2bXLviQ3oaVt,2025-09-096
2qPQcfUgizNDOIv1orkTAd,2025-09-097
1j15Ar0qGDzIR0v3CQv3JL,2025-09-098
6eLQXa6uk2EW8drsiKbABZ,2025-09-099
2uH74oFgwuk5x0DlD3EFJ1,2025-09-100
1CPZ5BxNNd0n0nF4Orb9JS,2025-10-001
2RkZ5LkEzeHGRsmDqKwmaJ,2025-10-002
02sy7FAs8dkDNYsHp4Ul3f,2025-10-003
1I37Zz2g3hk9eWxaNkj031,2025-10-005
42UBPzRMh5yyz0EDPr6fr1,2025-10-006
17phhZDn6oGtzMe56NuWvj,2025-10-007
5BZsQlgw21vDOAjoqkNgKb,2025-10-008
4WFgvKVfEhb3IUAFGrutTR,2025-10-009
2plbrEY59IikOBgBGLjaoe,2025-10-010
4gfrYDtaRmp6HPvN80V2ob,2025-10-011
2uvE4L5ZsYKpv8hbK4TIOt,2025-10-012
3RXUgPNIbUgFxsDWuBQEt6,2025-10-013
3xkHsmpQCBMytMJNiDf3Ii,2025-10-014
2FQrifJ1N335Ljm3TjTVVf,2025-10-015
0TFTAtCYhp2tQ9KcJIZb55,2025-10-016
42VUCXerQ5qTr4Qp6PhKo4,2025-10-017
5z0LSDpPpGwc2ZyJHpsE3J,2025-10-018
1k2pQc5i348DCHwbn5KTdc,2025-10-019
5VHRiH48pBB008CAkrIBwP,2025-10-020
5sBDrrtLGbV64QJnEqfjer,2025-10-021
0bxPRWprUVpQK0UFcddkrA,2025-10-022
7qjZnBKE73H4Oxkopwulqe,2025-10-023
7AeM1BGYM7emrqmQn1PuWv,2025-10-024
1qbmS6ep2hbBRaEZFpn7BX,2025-10-025
2ipIPsgrgd0j2beDf4Ki70,2025-10-027
2CGNAOSuO1MEFCbBRgUzjd,2025-10-028
0MHStU0muAIEMbwdnebYu2,2025-10-029
5DxDLsW6PsLz5gkwC7Mk5S,2025-10-030
0je57Uq5eTk1wrPzn9sWbl,2025-10-032
5Xl87hTgoBbSnEXKNse77Q,2025-10-033
1WBD2KNkYu880G7ElAituh,2025-10-034
29iva9idM6rFCPUlu7Rhxl,2025-10-035
7dHblXsJTRemgyIvFNJE7t,2025-10-037
1xK59OXxi2TAAAbmZK0kBL,2025-10-038
15zJeVUmKFnbrxm9dxcxYD,2025-10-039
1vgourDwo7hFFamSxepvar,2025-10-040
3cZajhyr8LmtPfHZ9296tj,2025-10-041
139nLHDFZNr3anx8CpUy7u,2025-10-042
4qpqtd3FqIzZaFgHrDYExi,2025-10-043
13XDnusYSagPbCb3I8u9sU,2025-10-044
5MnPcgXz4RXqx09nIqvHKX,2025-10-046
05od2qm2MTSKCHxy1GBp5W,2025-10-048
1osfLqL6L2iQsirRf83ded,2025-10-050
4SRShYMtFIGgnOU7iBicMH,2025-10-051
541sN2qNfIlllGn9nGOQoC,2025-10-052
4JI9FH3KOYOushudtnZt0z,2025-10-053
6tlZIGGXozhQpYyKesjwWL,2025-10-054
6xV7Be6XEvkSnighmh2Tzj,2025-10-055
1xOqGUkyxGQRdCvGpvWKmL,2025-10-056
1IfGOnXoMBkiKC9xljlSfa,2025-10-057
1zM8S2pnIclcdTmrfFnWtX,2025-10-058
0aGIy8kll4HYDnNTDlf2vU,2025-10-059
3NFs3XUduzBfvc5Bx1gmzh,2025-10-060
3QaPy1KgI7nu9FJEQUgn6h,2025-10-061
4Km9FSF9iaQiTLnFPdbPom,2025-10-062
1bXKpjbalq0If54LBffE0i,2025-10-064
1PwqZdqHTQGf7MY0XbaBwg,2025-10-065
37tH9V9YK8P9Q2oGfZjJXy,2025-10-066
2yWlGEgEfPot0lv3OAjuG3,2025-10-067
6Q3lFQgpvhA9VApFKLFZtZ,2025-10-069
25jgQBxuUkGDdCG1WGKKN9,2025-10-071
4Iu73sdCNxZXZUIyClMoPZ,2025-10-072
5sWjhIs29sp6rbgOicg4NS,2025-10-073
4JAmBKnHyq2avqNvJ81Mao,2025-10-074
2SsY5k7UWFqgye3PUMG3Oq,2025-10-075
3anaHXs7z8NwLUatPxqJlE,2025-10-077
6wHpLMmp98aHcV8L1JFrj8,2025-10-078
3hpm0fTeSqlhJbnqAgaLZs,2025-10-080
726SEjbF3ToEbYbn43gnxl,2025-10-082
31Oh4pwZWjBTuRmzNtxj10,2025-10-083
4n4tC4qO2LeWQRM9Gbbtop,2025-10-084
7D0RhFcb3CrfPuTJ0obrod,2025-10-086
0InIeZW4P6VO7dUGRM4AKH,2025-10-087
1qyw5wSUkEvH8DtaCdx7Lg,2025-10-088
46aZJc0z1HHHSFxaIRxYSP,2025-10-089
5Xnkr4b6swk6BA5IinCIlU,2025-10-090
0YsIYFRoxkmEvbKCwTp0Tg,2025-10-091
6vqyk3mbDBv3npTpctYoka,2025-10-093
5B3GZOZYXNzWpUXQC42hxZ,2025-10-094
3EMfeKtNK4q4k3sVjwg5Yy,2025-10-095
5FMyXeZ0reYloRTiCkPprT,2025-10-096
4tVVmShMF2PYdLqcejrsy2,2025-10-097
727x6SZXGF0LfU2vi3rjaH,2025-10-098
2I9517MJ7979KTtFjbDo5E,2025-10-099
57GsLpRtEtrzcPGPop20rS,2025-10-100
53iuhJlwXhSER5J2IYYv1W,2025-11-001
1CPZ5BxNNd0n0nF4Orb9JS,2025-11-002
2RkZ5LkEzeHGRsmDqKwmaJ,2025-11-003
3yWuTOYDztXjZxdE2cIRUa,2025-11-004
1jgTiNob5cVyXeJ3WgX5bL,2025-11-005
03bTIHJElXZ0O0jqOQvAbY,2025-11-006
5BZsQlgw21vDOAjoqkNgKb,2025-11-007
1qbmS6ep2hbBRaEZFpn7BX,2025-11-008
4gfrYDtaRmp6HPvN80V2ob,2025-11-009
2uvE4L5ZsYKpv8hbK4TIOt,2025-11-010
2TEQvxxQabwLQMqWMg1qGu,2025-11-011
5ylJtmaWPJ33cW3En7WOu0,2025-11-013
0bxPRWprUVpQK0UFcddkrA,2025-11-014
2x3mwb96B6TquRqMtbxUE1,2025-11-015
1I37Zz2g3hk9eWxaNkj031,2025-11-017
7qjZnBKE73H4Oxkopwulqe,2025-11-018
1appZ3c336FkPvCuywfmrs,2025-11-019
62HoDY1Km6lm47haFpUn9c,2025-11-020
62V2ZHslgQV98gH4AuVXnr,2025-11-022
02sy7FAs8dkDNYsHp4Ul3f,2025-11-023
4WFgvKVfEhb3IUAFGrutTR,2025-11-024
42UBPzRMh5yyz0EDPr6fr1,2025-11-025
4qmFC3Jz5aQ0erlk2OSi2X,2025-11-026
42VUCXerQ5qTr4Qp6PhKo4,2025-11-027
3RXUgPNIbUgFxsDWuBQEt6,2025-11-028
1dByUyyoRKL99fJJ6VCQzb,2025-11-029
2ipIPsgrgd0j2beDf4Ki70,2025-11-030
5sBDrrtLGbV64QJnEqfjer,2025-11-031
6tlZIGGXozhQpYyKesjwWL,2025-11-032
5yvVYFDUpbnjcnRBgjwTzM,2025-11-033
0MHStU0muAIEMbwdnebYu2,2025-11-034
5DxDLsW6PsLz5gkwC7Mk5S,2025-11-035
29iva9idM6rFCPUlu7Rhxl,2025-11-036
1WBD2KNkYu880G7ElAituh,2025-11-037
2OZVskV28xxJjjhQqKTLSg,2025-11-038
65DbTqJKhbwqYbZ1Okr0rc,2025-11-039
1xOqGUkyxGQRdCvGpvWKmL,2025-11-040
1vgourDwo7hFFamSxepvar,2025-11-041
3cZajhyr8LmtPfHZ9296tj,2025-11-042
4n4tC4qO2LeWQRM9Gbbtop,2025-11-043
6sGIMrtIzQjdzNndVxe397,2025-11-044
0je57Uq5eTk1wrPzn9sWbl,2025-11-045
05od2qm2MTSKCHxy1GBp5W,2025-11-046
3QaPy1KgI7nu9FJEQUgn6h,2025-11-047
4Km9FSF9iaQiTLnFPdbPom,2025-11-048
7kLC499Jj7W8kZUfvZsq5S,2025-11-049
6xV7Be6XEvkSnighmh2Tzj,2025-11-051
0aGIy8kll4HYDnNTDlf2vU,2025-11-052
1IfGOnXoMBkiKC9xljlSfa,2025-11-053
1zM8S2pnIclcdTmrfFnWtX,2025-11-055
4whkhyXTrTgHKZzkUvdwoq,2025-11-056
31Oh4pwZWjBTuRmzNtxj10,2025-11-058
3NFs3XUduzBfvc5Bx1gmzh,2025-11-060
727x6SZXGF0LfU2vi3rjaH,2025-11-061
726SEjbF3ToEbYbn43gnxl,2025-11-062
7Lo6USa0PiDkwSL3SkohSi,2025-11-063
5Xl87hTgoBbSnEXKNse77Q,2025-11-064
4JAmBKnHyq2avqNvJ81Mao,2025-11-065
4Iu73sdCNxZXZUIyClMoPZ,2025-11-066
55lijDD6OAjLFFUHU9tcDm,2025-11-067
2SsY5k7UWFqgye3PUMG3Oq,2025-11-068
6Q3lFQgpvhA9VApFKLFZtZ,2025-11-069
1bXKpjbalq0If54LBffE0i,2025-11-070
2GFawZaMjG8QLxiR4OD3db,2025-11-071
13XDnusYSagPbCb3I8u9sU,2025-11-072
2I9517MJ7979KTtFjbDo5E,2025-11-073
2ZCDXVmOLnKUHYVpycIq5F,2025-11-075
0Hnm7mnmqOLCIgvbMpM4Ev,2025-11-076
4QpuZ1Qbcd11aOtY1kGMRg,2025-11-077
6vqyk3mbDBv3npTpctYoka,2025-11-078
7D0RhFcb3CrfPuTJ0obrod,2025-11-080
2uH74oFgwuk5x0DlD3EFJ1,2025-11-081
4SRShYMtFIGgnOU7iBicMH,2025-11-082
0InIeZW4P6VO7dUGRM4AKH,2025-11-083
1PwqZdqHTQGf7MY0XbaBwg,2025-11-084
3anaHXs7z8NwLUatPxqJlE,2025-11-085
139nLHDFZNr3anx8CpUy7u,2025-11-086
6wHpLMmp98aHcV8L1JFrj8,2025-11-087
7gKxCvTDWwV9wBhdeBbr3l,2025-11-088
46aZJc0z1HHHSFxaIRxYSP,2025-11-089
17U2M7HB14yGe9QSAmbyyB,2025-11-090
7bxaFZ1O3cHkgLKMsdC3xR,2025-11-091
1GvJ35amuk7oGjcnoYSKFA,2025-11-092
2fuYa3Lx06QQJAm0MjztKr,2025-11-093
1gJeOuF6VuBy2jZNN8CIOP,2025-11-094
2n6vhFrg96nFe15Zf07AJP,2025-11-095
0QCIpQV3twfqo9kh0t8Zza,2025-11-096
1j15Ar0qGDzIR0v3CQv3JL,2025-11-097
1xWbTzKGPzA9HFEk6FzK0v,2025-11-098
5Xnkr4b6swk6BA5IinCIlU,2025-11-099
43oBNdp6W1Z9YDu1svX1hl,2025-11-100
53iuhJlwXhSER5J2IYYv1W,2025-12-001
1CPZ5BxNNd0n0nF4Orb9JS,2025-12-002
2RkZ5LkEzeHGRsmDqKwmaJ,2025-12-003
1qbmS6ep2hbBRaEZFpn7BX,2025-12-004
0bYg9bo50gSsH3LtXe2SQn,2025-12-005
2FRnf9qhLbvw8fu4IBXx78,2025-12-006
2EjXfH91m7f8HiJN1yQg97,2025-12-007
7vQbuQcyTflfCIOu3Uzzya,2025-12-008
2uvE4L5ZsYKpv8hbK4TIOt,2025-12-009
3yWuTOYDztXjZxdE2cIRUa,2025-12-010
65DbTqJKhbwqYbZ1Okr0rc,2025-12-011
0bxPRWprUVpQK0UFcddkrA,2025-12-012
0lizgQ7Qw35od7CYaoMBZb,2025-12-013
5BZsQlgw21vDOAjoqkNgKb,2025-12-014
7qjZnBKE73H4Oxkopwulqe,2025-12-015
4gfrYDtaRmp6HPvN80V2ob,2025-12-016
5hslUAKq9I9CG2bAulFkHN,2025-12-017
4PS1e8f2LvuTFgUs1Cn3ON,2025-12-018
3nAp4IvdMPPWEH9uuXFFV5,2025-12-019
5ASM6Qjiav2xPe7gRkQMsQ,2025-12-020
3it2BvJfyhPEWF3kD2TZJ1,2025-12-021
2uFaJJtFpPDc5Pa95XzTvg,2025-12-022
7taXf5odg9xCAZERYfyOkS,2025-12-023
77khP2fIVhSW23NwxrRluh,2025-12-024
47ohYW8e7dxCYn9qbUMBCI,2025-12-025
1dByUyyoRKL99fJJ6VCQzb,2025-12-026
6sGIMrtIzQjdzNndVxe397,2025-12-027
2oPCpj9ezVq5D6IJNAGkL2,2025-12-029
42UBPzRMh5yyz0EDPr6fr1,2025-12-030
42VUCXerQ5qTr4Qp6PhKo4,2025-12-033
3XsaSIPWvM61RIFfeb0BBR,2025-12-034
02sy7FAs8dkDNYsHp4Ul3f,2025-12-035
0aGIy8kll4HYDnNTDlf2vU,2025-12-036
55lijDD6OAjLFFUHU9tcDm,2025-12-037
2pXpURmn6zC5ZYDMms6fwa,2025-12-038
2pnPe4pJtq7689i5ydzvJJ,2025-12-039
1I37Zz2g3hk9eWxaNkj031,2025-12-040
1xOqGUkyxGQRdCvGpvWKmL,2025-12-041
25leEEaz1gIpp7o21Fqyjo,2025-12-042
5shGj5OOnpmg4tQlFjyzZY,2025-12-043
66tlRqExpkn4kRyuxelzs5,2025-12-044
0rHToGels2lt8Y0mCYoF90,2025-12-045
4Km9FSF9iaQiTLnFPdbPom,2025-12-048
1foCxQtxBweJtZmdxhEHVO,2025-12-049
3QiAAp20rPC3dcAtKtMaqQ,2025-12-050
1vgourDwo7hFFamSxepvar,2025-12-051
3RXUgPNIbUgFxsDWuBQEt6,2025-12-052
1jgTiNob5cVyXeJ3WgX5bL,2025-12-053
3cZajhyr8LmtPfHZ9296tj,2025-12-054
0YsIYFRoxkmEvbKCwTp0Tg,2025-12-055
5o0hD6Bs6RdyZxfYBoEEc8,2025-12-056
31Oh4pwZWjBTuRmzNtxj10,2025-12-057
29iva9idM6rFCPUlu7Rhxl,2025-12-058
7AxXJXqJOMRqkgZxvG3r6E,2025-12-059
1zM8S2pnIclcdTmrfFnWtX,2025-12-060
726SEjbF3ToEbYbn43gnxl,2025-12-061
4ThbwJaIWVxXZ1qJaHQBCz,2025-12-062
4Iu73sdCNxZXZUIyClMoPZ,2025-12-063
4n4tC4qO2LeWQRM9Gbbtop,2025-12-064
312z6PZ8wwREck8613PkJk,2025-12-065
2uH74oFgwuk5x0DlD3EFJ1,2025-12-066
5yvVYFDUpbnjcnRBgjwTzM,2025-12-067
1KuNhOubescxn3xD6WNI7Q,2025-12-068
03bTIHJElXZ0O0jqOQvAbY,2025-12-069
2GFawZaMjG8QLxiR4OD3db,2025-12-070
2TEQvxxQabwLQMqWMg1qGu,2025-12-071
4JAmBKnHyq2avqNvJ81Mao,2025-12-072
4QpuZ1Qbcd11aOtY1kGMRg,2025-12-073
6tlZIGGXozhQpYyKesjwWL,2025-12-074
727x6SZXGF0LfU2vi3rjaH,2025-12-075
6xV7Be6XEvkSnighmh2Tzj,2025-12-076
3HfKlhohNNTLIv2t9uvmzz,2025-12-077
7gKxCvTDWwV9wBhdeBbr3l,2025-12-078
1PwqZdqHTQGf7MY0XbaBwg,2025-12-079
05od2qm2MTSKCHxy1GBp5W,2025-12-081
7fIIi2KQB2AUqRgmpreKYj,2025-12-082
1IfGOnXoMBkiKC9xljlSfa,2025-12-083
3unY0p45pcQVnABntzlX8B,2025-12-084
3anaHXs7z8NwLUatPxqJlE,2025-12-085
3roJNjr7zRlLyr1bTPq0AS,2025-12-086
1gJeOuF6VuBy2jZNN8CIOP,2025-12-087
5E2y5TSb2RJNCO01QjkgLf,2025-12-088
2I9517MJ7979KTtFjbDo5E,2025-12-089
6vqyk3mbDBv3npTpctYoka,2025-12-090
59vtqGF0p7RgNjnzC9Zk2p,2025-12-091
17U2M7HB14yGe9QSAmbyyB,2025-12-092
3NFs3XUduzBfvc5Bx1gmzh,2025-12-094
3Vd4fHzwS6pBS3muymjiDi,2025-12-095
0je57Uq5eTk1wrPzn9sWbl,2025-12-096
7D0RhFcb3CrfPuTJ0obrod,2025-12-097
62V2ZHslgQV98gH4AuVXnr,2025-12-098
2ZCDXVmOLnKUHYVpycIq5F,2025-12-099
6Wxn79EwKPQvYerlctheGx,2025-12-100
0aB0v4027ukVziUGwVGYpG,2025-01-032
7221xIgOnuakPdLqT0F3nP,2025-01-047
6jbYpRPTEFl1HFKHk1IC0m,2025-01-066
5QMrH5nszZZR3nefIj6Mar,2025-01-075
1KZG1H1OCugGqIRmk1wF9m,2025-01-077
5S8VwnB4sLi6W0lYTWYylu,2025-01-082
2Uts1QFB4u2YNIMiqcb4de,2025-01-100
7221xIgOnuakPdLqT0F3nP,2025-02-012
0aB0v4027ukVziUGwVGYpG,2025-02-013
3tFed7YsjGnIfxeLEQwx3R,2025-02-019
1KZG1H1OCugGqIRmk1wF9m,2025-02-049
6jbYpRPTEFl1HFKHk1IC0m,2025-02-054
6StwwqB84sJeLr7tZDTxEX,2025-02-067
2Uts1QFB4u2YNIMiqcb4de,2025-02-079
5QMrH5nszZZR3nefIj6Mar,2025-02-080
5S8VwnB4sLi6W0lYTWYylu,2025-02-090
4pftaoQbbheCXSdleWIeDK,2025-02-092
1JtAIBbCgomz38qPBSJzCn,2025-02-095
6JvIjI8H3yxpigROd3Cv9N,2025-02-099
0aB0v4027ukVziUGwVGYpG,2025-03-004
7221xIgOnuakPdLqT0F3nP,2025-03-020
2Uts1QFB4u2YNIMiqcb4de,2025-03-038
1KZG1H1OCugGqIRmk1wF9m,2025-03-065
6jbYpRPTEFl1HFKHk1IC0m,2025-03-076
5S8VwnB4sLi6W0lYTWYylu,2025-03-081
6StwwqB84sJeLr7tZDTxEX,2025-03-082
0aB0v4027ukVziUGwVGYpG,2025-04-015
7221xIgOnuakPdLqT0F3nP,2025-04-019
1KZG1H1OCugGqIRmk1wF9m,2025-04-047
2Uts1QFB4u2YNIMiqcb4de,2025-04-062
6jbYpRPTEFl1HFKHk1IC0m,2025-04-074
0rNgWFQJtfttOYIHfDOHCg,2025-04-076
15JqWJoyG7WNJi9qrAYT86,2025-04-080
3RL5e0b30F6Ly6Z0gvJlcF,2025-04-092
59F5qOMpqqclD21cIAxFEo,2025-05-011
7221xIgOnuakPdLqT0F3nP,2025-05-015
0aB0v4027ukVziUGwVGYpG,2025-05-023
1KZG1H1OCugGqIRmk1wF9m,2025-05-049
2Uts1QFB4u2YNIMiqcb4de,2025-05-062
15JqWJoyG7WNJi9qrAYT86,2025-05-066
3RL5e0b30F6Ly6Z0gvJlcF,2025-05-068
6jbYpRPTEFl1HFKHk1IC0m,2025-05-083
04emojnbYkrRmv5qtJcgVP,2025-06-002
7221xIgOnuakPdLqT0F3nP,2025-06-016
1BDLD4c07q0bmq2VCRsXoE,2025-06-017
59F5qOMpqqclD21cIAxFEo,2025-06-019
0aB0v4027ukVziUGwVGYpG,2025-06-038
1KZG1H1OCugGqIRmk1wF9m,2025-06-066
2Uts1QFB4u2YNIMiqcb4de,2025-06-070
5EA2rqylBTFpUVQUKiWFXs,2025-06-085
33gSkDn6P9uS7ofaYiyBP6,2025-06-090
5EHfZq7dOhKGYRQyScX2eY,2025-06-093
04emojnbYkrRmv5qtJcgVP,2025-07-002
7221xIgOnuakPdLqT0F3nP,2025-07-013
59F5qOMpqqclD21cIAxFEo,2025-07-023
1BDLD4c07q0bmq2VCRsXoE,2025-07-041
0aB0v4027ukVziUGwVGYpG,2025-07-046
1KZG1H1OCugGqIRmk1wF9m,2025-07-057
2Uts1QFB4u2YNIMiqcb4de,2025-07-070
04emojnbYkrRmv5qtJcgVP,2025-08-004
7221xIgOnuakPdLqT0F3nP,2025-08-017
59F5qOMpqqclD21cIAxFEo,2025-08-027
45mVT3DCE7AATXgESSdfee,2025-08-059
1BDLD4c07q0bmq2VCRsXoE,2025-08-061
2DDo2QqElDO9PgOHeGtQiy,2025-08-062
3znSvEwBq09We4cxxmwlZM,2025-08-086
04emojnbYkrRmv5qtJcgVP,2025-09-003
59F5qOMpqqclD21cIAxFEo,2025-09-022
0t3pcqgBjuAVBgY2oEUIlH,2025-09-034
6r1lboTadi5swMquaAWDzh,2025-09-035
19DC6pFSlhbKG77yG40dQO,2025-09-061
1N8dX8FWPUzVuSlKJA25FK,2025-09-065
1FHIZknONrV2c20w0x5AVG,2025-09-069
1BDLD4c07q0bmq2VCRsXoE,2025-09-075
0WsC4ETIXyiHDMXRaPMvKe,2025-09-081
04emojnbYkrRmv5qtJcgVP,2025-10-004
5q9I5RmmrLC4U2mW2BnF3K,2025-10-026
0t3pcqgBjuAVBgY2oEUIlH,2025-10-031
59F5qOMpqqclD21cIAxFEo,2025-10-036
6M1vkKMDQZoh1sbH4asNcF,2025-10-045
3gnBcl5KRYTzIQyCOQug6F,2025-10-047
6r1lboTadi5swMquaAWDzh,2025-10-049
5RpGHqlGHRTGWzNPBKW08D,2025-10-063
1NQCwdW8bpcq3XtJgPpmlT,2025-10-070
0WsC4ETIXyiHDMXRaPMvKe,2025-10-076
1FHIZknONrV2c20w0x5AVG,2025-10-079
5g8frSfNnBYjSpLkLtFnCd,2025-10-081
6kuEBz6FG4JRZrdAi7kHQ8,2025-10-085
65OIh4xcmjZFFXNvp7NAml,2025-10-092
53iuhJlwXhSER5J2IYYv1W,2025-11-012
0t3pcqgBjuAVBgY2oEUIlH,2025-11-016
04emojnbYkrRmv5qtJcgVP,2025-11-021
6r1lboTadi5swMquaAWDzh,2025-11-050
1FHIZknONrV2c20w0x5AVG,2025-11-054
5q9I5RmmrLC4U2mW2BnF3K,2025-11-057
0WsC4ETIXyiHDMXRaPMvKe,2025-11-059
3STIi4I7eGMJJJhGRIfVli,2025-11-079
0t3pcqgBjuAVBgY2oEUIlH,2025-12-028
1FHIZknONrV2c20w0x5AVG,2025-12-032
6r1lboTadi5swMquaAWDzh,2025-12-046
0WsC4ETIXyiHDMXRaPMvKe,2025-12-047
53iuhJlwXhSER5J2IYYv1W,2025-12-080
5q9I5RmmrLC4U2mW2BnF3K,2025-12-093
4HEOgBHRCExyYVeTyrXsnL,2025-01-018
78HEzDEs1QUnHB2DbxgC1s,2025-04-069
4cLC8gydI0O78g8chZugS4,2025-05-040
78HEzDEs1QUnHB2DbxgC1s,2025-05-067
0Gz45mObitRRxd5EtFkHuh,2025-05-085
4cLC8gydI0O78g8chZugS4,2025-06-076
4cLC8gydI0O78g8chZugS4,2025-07-063
45mVT3DCE7AATXgESSdfee,2025-08-033
1rKQjUhF9zFJmuUotr3VkV,2025-08-076
4cLC8gydI0O78g8chZugS4,2025-08-078
1rKQjUhF9zFJmuUotr3VkV,2025-09-050
1rKQjUhF9zFJmuUotr3VkV,2025-10-068
1rKQjUhF9zFJmuUotr3VkV,2025-11-074
4HEOgBHRCExyYVeTyrXsnL,2025-12-031
